Frequency(Hz),S21_Magnitude,S21_Phase(rad)
1000000000,5.09E-07,3.029112094
1001810856,4.97E-07,3.029344205
1003621712,4.85E-07,3.029576316
1005432568,4.74E-07,3.029808427
1007243424,4.62E-07,3.030040538
1009054280,4.50E-07,3.03027265
1010865136,4.38E-07,3.030501983
1012675993,4.28E-07,3.030727922
1014486849,4.18E-07,3.030953861
1016297705,4.07E-07,3.0311798
1018108561,3.97E-07,3.031405739
1019919417,3.86E-07,3.031631679
1021730273,3.77E-07,3.031852253
1023541129,3.68E-07,3.032072232
1025351985,3.59E-07,3.032292211
1027162841,3.50E-07,3.03251219
1028973697,3.41E-07,3.032732169
1030784553,3.32E-07,3.032950133
1032595409,3.25E-07,3.033164354
1034406266,3.17E-07,3.033378576
1036217122,3.09E-07,3.033592798
1038027978,3.01E-07,3.03380702
1039838834,2.93E-07,3.034021242
1041649690,2.86E-07,3.034231014
1043460546,2.79E-07,3.034439673
1045271402,2.72E-07,3.034648332
1047082258,2.65E-07,3.034856992
1048893114,2.59E-07,3.035065651
1050703970,2.53E-07,3.035236275
1052514826,2.53E-07,3.03529279
1054325682,2.53E-07,3.035349305
1056136539,2.53E-07,3.03540582
1057947395,2.52E-07,3.035462335
1059758251,2.52E-07,3.03551885
1061569107,2.52E-07,3.035575365
1063379963,2.52E-07,3.03563188
1065190819,2.51E-07,3.035688396
1067001675,2.51E-07,3.035744911
1068812531,2.51E-07,3.035801426
1070623387,2.51E-07,3.035857941
1072434243,2.50E-07,3.035914456
1074245099,2.50E-07,3.035970971
1076055955,2.50E-07,3.036027486
1077866812,2.49E-07,3.036084001
1079677668,2.49E-07,3.036140516
1081488524,2.49E-07,3.036197032
1083299380,2.49E-07,3.036253547
1085110236,2.48E-07,3.036310062
1086921092,2.48E-07,3.036366577
1088731948,2.48E-07,3.036423092
1090542804,2.48E-07,3.036479607
1092353660,2.47E-07,3.036536122
1094164516,2.47E-07,3.036592637
1095975372,2.47E-07,3.036649152
1097786228,2.47E-07,3.036705668
1099597085,2.46E-07,3.036762183
1101407941,2.46E-07,3.036818698
1103218797,2.46E-07,3.036875213
1105029653,2.46E-07,3.036931728
1106840509,2.45E-07,3.036988243
1108651365,2.45E-07,3.037044758
1110462221,2.45E-07,3.037101273
1112273077,2.44E-07,3.037157788
1114083933,2.44E-07,3.037214304
1115894789,2.44E-07,3.037270819
1117705645,2.44E-07,3.037327334
1119516501,2.43E-07,3.037383849
1121327358,2.43E-07,3.037440364
1123138214,2.43E-07,3.037496879
1124949070,2.43E-07,3.037553394
1126759926,2.42E-07,3.037609909
1128570782,2.42E-07,3.037666424
1130381638,2.42E-07,3.03772294
1132192494,2.42E-07,3.037779455
1134003350,2.41E-07,3.03783597
1135814206,2.41E-07,3.037892485
1137625062,2.41E-07,3.037949
1139435918,2.41E-07,3.038005515
1141246774,2.40E-07,3.03806203
1143057630,2.40E-07,3.038118545
1144868487,2.40E-07,3.03817506
1146679343,2.39E-07,3.038231576
1148490199,2.39E-07,3.038288091
1150301055,2.39E-07,3.038344606
1152111911,2.39E-07,3.038401121
1153922767,2.38E-07,3.038457636
1155733623,2.38E-07,3.038514151
1157544479,2.38E-07,3.038570666
1159355335,2.38E-07,3.038627181
1161166191,2.37E-07,3.038683696
1162977047,2.37E-07,3.038740212
1164787903,2.37E-07,3.038796727
1166598760,2.37E-07,3.038853242
1168409616,2.36E-07,3.038909757
1170220472,2.36E-07,3.038966272
1172031328,2.36E-07,3.039022787
1173842184,2.36E-07,3.039079302
1175653040,2.35E-07,3.039135817
1177463896,2.35E-07,3.039192333
1179274752,2.35E-07,3.039248848
1181085608,2.34E-07,3.039305363
1182896464,2.34E-07,3.039361878
1184707320,2.34E-07,3.039418393
1186518176,2.34E-07,3.039474908
1188329033,2.33E-07,3.039531423
1190139889,2.33E-07,3.039587938
1191950745,2.33E-07,3.039644453
1193761601,2.33E-07,3.039700969
1195572457,2.32E-07,3.039757484
1197383313,2.32E-07,3.039813999
1199194169,2.32E-07,3.039870514
1201005025,2.32E-07,3.039927029
1202815881,2.31E-07,3.039983544
1204626737,2.31E-07,3.040040059
1206437593,2.31E-07,3.040096574
1208248449,2.31E-07,3.040153089
1210059306,2.30E-07,3.040209605
1211870162,2.30E-07,3.04026612
1213681018,2.30E-07,3.040322635
1215491874,2.30E-07,3.04037915
1217302730,2.29E-07,3.040435665
1219113586,2.29E-07,3.04049218
1220924442,2.29E-07,3.040548695
1222735298,2.28E-07,3.04060521
1224546154,2.28E-07,3.040661725
1226357010,2.28E-07,3.040718241
1228167866,2.28E-07,3.040774756
1229978722,2.27E-07,3.040831271
1231789579,2.27E-07,3.040887786
1233600435,2.27E-07,3.040944301
1235411291,2.27E-07,3.041000816
1237222147,2.26E-07,3.041057331
1239033003,2.26E-07,3.041113846
1240843859,2.26E-07,3.041170361
1242654715,2.26E-07,3.041226877
1244465571,2.25E-07,3.041283392
1246276427,2.25E-07,3.041339907
1248087283,2.25E-07,3.041396422
1249898139,2.25E-07,3.041452937
1251708995,2.24E-07,3.041509452
1253519852,2.24E-07,3.041565967
1255330708,2.24E-07,3.041622482
1257141564,2.23E-07,3.041678997
1258952420,2.23E-07,3.041735513
1260763276,2.23E-07,3.041792028
1262574132,2.23E-07,3.041848543
1264384988,2.22E-07,3.041905058
1266195844,2.22E-07,3.041961573
1268006700,2.22E-07,3.042018088
1269817556,2.22E-07,3.042074603
1271628412,2.21E-07,3.042131118
1273439268,2.21E-07,3.042187633
1275250124,2.21E-07,3.042244149
1277060981,2.21E-07,3.042300664
1278871837,2.20E-07,3.042357179
1280682693,2.20E-07,3.042413694
1282493549,2.20E-07,3.042470209
1284304405,2.20E-07,3.042526724
1286115261,2.19E-07,3.042583239
1287926117,2.19E-07,3.042639754
1289736973,2.19E-07,3.042696269
1291547829,2.18E-07,3.042752785
1293358685,2.18E-07,3.0428093
1295169541,2.18E-07,3.042865815
1296980397,2.18E-07,3.04292233
1298791254,2.17E-07,3.042978845
1300602110,2.17E-07,3.04303536
1302412966,2.17E-07,3.043091875
1304223822,2.17E-07,3.04314839
1306034678,2.16E-07,3.043204905
1307845534,2.16E-07,3.043261421
1309656390,2.16E-07,3.043317936
1311467246,2.16E-07,3.043374451
1313278102,2.15E-07,3.043430966
1315088958,2.15E-07,3.043487481
1316899814,2.15E-07,3.043543996
1318710670,2.15E-07,3.043600511
1320521527,2.14E-07,3.043657026
1322332383,2.14E-07,3.043713541
1324143239,2.14E-07,3.043770057
1325954095,2.13E-07,3.043826572
1327764951,2.13E-07,3.043883087
1329575807,2.13E-07,3.043939602
1331386663,2.13E-07,3.043996117
1333197519,2.12E-07,3.044052632
1335008375,2.12E-07,3.044109147
1336819231,2.12E-07,3.044165662
1338630087,2.12E-07,3.044222177
1340440943,2.11E-07,3.044278693
1342251800,2.11E-07,3.044335208
1344062656,2.11E-07,3.044391723
1345873512,2.11E-07,3.044448238
1347684368,2.10E-07,3.044504753
1349495224,2.10E-07,3.044561268
1351306080,2.10E-07,3.044617783
1353116936,2.10E-07,3.044674298
1354927792,2.09E-07,3.044730813
1356738648,2.09E-07,3.044787329
1358549504,2.09E-07,3.044843844
1360360360,2.09E-07,3.044900359
1362171216,2.08E-07,3.044956874
1363982073,2.08E-07,3.045013389
1365792929,2.08E-07,3.045069904
1367603785,2.07E-07,3.045126419
1369414641,2.07E-07,3.045182934
1371225497,2.07E-07,3.045239449
1373036353,2.07E-07,3.045295965
1374847209,2.06E-07,3.04535248
1376658065,2.06E-07,3.045408995
1378468921,2.06E-07,3.04546551
1380279777,2.06E-07,3.045522025
1382090633,2.05E-07,3.04557854
1383901489,2.05E-07,3.045635055
1385712346,2.05E-07,3.04569157
1387523202,2.05E-07,3.045748085
1389334058,2.04E-07,3.045804601
1391144914,2.04E-07,3.045861116
1392955770,2.04E-07,3.045917631
1394766626,2.04E-07,3.045974146
1396577482,2.03E-07,3.046030661
1398388338,2.03E-07,3.046087176
1400199194,2.03E-07,3.046143691
1402010050,2.02E-07,3.046200206
1403820906,2.02E-07,3.046256721
1405631762,2.02E-07,3.046313237
1407442618,2.02E-07,3.046369752
1409253475,2.01E-07,3.046426267
1411064331,2.01E-07,3.046482782
1412875187,2.01E-07,3.046539297
1414686043,2.01E-07,3.046595812
1416496899,2.00E-07,3.046652327
1418307755,2.00E-07,3.046708842
1420118611,2.00E-07,3.046765357
1421929467,2.00E-07,3.046821873
1423740323,1.99E-07,3.046878388
1425551179,1.99E-07,3.046934903
1427362035,1.99E-07,3.046991418
1429172891,1.99E-07,3.047047933
1430983748,1.98E-07,3.047104448
1432794604,1.98E-07,3.047160963
1434605460,1.98E-07,3.047217478
1436416316,1.97E-07,3.047273993
1438227172,1.97E-07,3.047330509
1440038028,1.97E-07,3.047387024
1441848884,1.97E-07,3.047443539
1443659740,1.96E-07,3.047500054
1445470596,1.96E-07,3.047556569
1447281452,1.96E-07,3.047613084
1449092308,1.96E-07,3.047669599
1450903164,1.95E-07,3.047726114
1452714021,1.95E-07,3.047782629
1454524877,1.95E-07,3.047839145
1456335733,1.95E-07,3.04789566
1458146589,1.94E-07,3.047952175
1459957445,1.94E-07,3.04800869
1461768301,1.94E-07,3.048065205
1463579157,1.94E-07,3.04812172
1465390013,1.93E-07,3.048178235
1467200869,1.93E-07,3.04823475
1469011725,1.93E-07,3.048291265
1470822581,1.93E-07,3.048347781
1472633437,1.92E-07,3.048404296
1474444294,1.92E-07,3.048460811
1476255150,1.92E-07,3.048517326
1478066006,1.91E-07,3.048573841
1479876862,1.91E-07,3.048630356
1481687718,1.91E-07,3.048686871
1483498574,1.91E-07,3.048743386
1485309430,1.90E-07,3.048799901
1487120286,1.90E-07,3.048856417
1488931142,1.90E-07,3.048912932
1490741998,1.90E-07,3.048969447
1492552854,1.89E-07,3.049025962
1494363710,1.89E-07,3.049082477
1496174567,1.89E-07,3.049138992
1497985423,1.89E-07,3.049195507
1499796279,1.88E-07,3.049252022
1501607135,1.88E-07,3.049308537
1503417991,1.88E-07,3.049365053
1505228847,1.88E-07,3.049421568
1507039703,1.87E-07,3.049478083
1508850559,1.87E-07,3.049534598
1510661415,1.87E-07,3.049591113
1512472271,1.86E-07,3.049647628
1514283127,1.86E-07,3.049704143
1516093983,1.86E-07,3.049760658
1517904840,1.86E-07,3.049817173
1519715696,1.85E-07,3.049873689
1521526552,1.85E-07,3.049930204
1523337408,1.85E-07,3.049986719
1525148264,1.85E-07,3.050043234
1526959120,1.84E-07,3.050099749
1528769976,1.84E-07,3.050156264
1530580832,1.84E-07,3.050212779
1532391688,1.84E-07,3.050269294
1534202544,1.83E-07,3.050325809
1536013400,1.83E-07,3.050382325
1537824256,1.83E-07,3.05043884
1539635112,1.83E-07,3.050495355
1541445969,1.82E-07,3.05055187
1543256825,1.82E-07,3.050608385
1545067681,1.82E-07,3.0506649
1546878537,1.81E-07,3.050721415
1548689393,1.81E-07,3.05077793
1550500249,1.81E-07,3.050834445
1552311105,1.81E-07,3.050890961
1554121961,1.80E-07,3.050947476
1555932817,1.80E-07,3.051003991
1557743673,1.80E-07,3.051060506
1559554529,1.80E-07,3.051117021
1561365385,1.79E-07,3.051173536
1563176242,1.79E-07,3.051230051
1564987098,1.79E-07,3.051286566
1566797954,1.79E-07,3.051343081
1568608810,1.78E-07,3.051399597
1570419666,1.78E-07,3.051456112
1572230522,1.78E-07,3.051512627
1574041378,1.78E-07,3.051569142
1575852234,1.77E-07,3.051625657
1577663090,1.77E-07,3.051682172
1579473946,1.77E-07,3.051738687
1581284802,1.76E-07,3.051795202
1583095658,1.76E-07,3.051851717
1584906515,1.76E-07,3.051908233
1586717371,1.76E-07,3.051964748
1588528227,1.75E-07,3.052021263
1590339083,1.75E-07,3.052077778
1592149939,1.75E-07,3.052134293
1593960795,1.75E-07,3.052190808
1595771651,1.74E-07,3.052247323
1597582507,1.74E-07,3.052303838
1599393363,1.74E-07,3.052360353
1601204219,1.74E-07,3.052416869
1603015075,1.73E-07,3.052473384
1604825931,1.73E-07,3.052529899
1606636788,1.73E-07,3.052586414
1608447644,1.73E-07,3.052642929
1610258500,1.72E-07,3.052699444
1612069356,1.72E-07,3.052755959
1613880212,1.72E-07,3.052812474
1615691068,1.72E-07,3.05286899
1617501924,1.71E-07,3.052925505
1619312780,1.71E-07,3.05298202
1621123636,1.71E-07,3.053038535
1622934492,1.70E-07,3.05309505
1624745348,1.70E-07,3.053151565
1626556204,1.70E-07,3.05320808
1628367061,1.70E-07,3.053264595
1630177917,1.69E-07,3.05332111
1631988773,1.69E-07,3.053377626
1633799629,1.69E-07,3.053434141
1635610485,1.69E-07,3.053490656
1637421341,1.68E-07,3.053547171
1639232197,1.68E-07,3.053603686
1641043053,1.68E-07,3.053660201
1642853909,1.68E-07,3.053716716
1644664765,1.67E-07,3.053773231
1646475621,1.67E-07,3.053829746
1648286477,1.67E-07,3.053886262
1650097334,1.67E-07,3.053942777
1651908190,1.66E-07,3.053999292
1653719046,1.66E-07,3.054055807
1655529902,1.66E-07,3.054112322
1657340758,1.65E-07,3.054168837
1659151614,1.65E-07,3.054225352
1660962470,1.65E-07,3.054281867
1662773326,1.65E-07,3.054338382
1664584182,1.64E-07,3.054394898
1666395038,1.64E-07,3.054451413
1668205894,1.64E-07,3.054507928
1670016750,1.64E-07,3.054564443
1671827607,1.63E-07,3.054620958
1673638463,1.63E-07,3.054677473
1675449319,1.63E-07,3.054733988
1677260175,1.63E-07,3.054790503
1679071031,1.62E-07,3.054847018
1680881887,1.62E-07,3.054903534
1682692743,1.62E-07,3.054960049
1684503599,1.62E-07,3.055016564
1686314455,1.61E-07,3.055073079
1688125311,1.61E-07,3.055129594
1689936167,1.61E-07,3.055186109
1691747023,1.60E-07,3.055242624
1693557879,1.60E-07,3.055299139
1695368736,1.60E-07,3.055355654
1697179592,1.60E-07,3.05541217
1698990448,1.59E-07,3.055468685
1700801304,1.59E-07,3.0555252
1702612160,1.59E-07,3.055581715
1704423016,1.59E-07,3.05563823
1706233872,1.58E-07,3.055694745
1708044728,1.58E-07,3.05575126
1709855584,1.58E-07,3.055807775
1711666440,1.58E-07,3.05586429
1713477296,1.57E-07,3.055920806
1715288152,1.57E-07,3.055977321
1717099009,1.57E-07,3.056033836
1718909865,1.57E-07,3.056090351
1720720721,1.56E-07,3.056146866
1722531577,1.56E-07,3.056203381
1724342433,1.56E-07,3.056259896
1726153289,1.55E-07,3.056316411
1727964145,1.55E-07,3.056372926
1729775001,1.55E-07,3.056429442
1731585857,1.55E-07,3.056485957
1733396713,1.54E-07,3.056542472
1735207569,1.54E-07,3.056598987
1737018425,1.54E-07,3.056655502
1738829282,1.54E-07,3.056712017
1740640138,1.53E-07,3.056768532
1742450994,1.53E-07,3.056825047
1744261850,1.53E-07,3.056881562
1746072706,1.53E-07,3.056938078
1747883562,1.52E-07,3.056994593
1749694418,1.52E-07,3.057051108
1751505274,1.52E-07,3.057107623
1753316130,1.52E-07,3.057164138
1755126986,1.51E-07,3.057220653
1756937842,1.51E-07,3.057277168
1758748698,1.51E-07,3.057333683
1760559555,1.51E-07,3.057390198
1762370411,1.50E-07,3.057446714
1764181267,1.50E-07,3.057503229
1765992123,1.50E-07,3.057559744
1767802979,1.49E-07,3.057616259
1769613835,1.49E-07,3.057672774
1771424691,1.49E-07,3.057729289
1773235547,1.49E-07,3.057785804
1775046403,1.48E-07,3.057842319
1776857259,1.48E-07,3.057898834
1778668115,1.48E-07,3.05795535
1780478971,1.48E-07,3.058011865
1782289828,1.47E-07,3.05806838
1784100684,1.47E-07,3.058124895
1785911540,1.47E-07,3.05818141
1787722396,1.47E-07,3.058237925
1789533252,1.46E-07,3.05829444
1791344108,1.46E-07,3.058350955
1793154964,1.46E-07,3.05840747
1794965820,1.46E-07,3.058463986
1796776676,1.45E-07,3.058520501
1798587532,1.45E-07,3.058577016
1800398388,1.45E-07,3.058633531
1802209244,1.44E-07,3.058690046
1804020101,1.44E-07,3.058746561
1805830957,1.44E-07,3.058803076
1807641813,1.44E-07,3.058859591
1809452669,1.43E-07,3.058916106
1811263525,1.43E-07,3.058972622
1813074381,1.43E-07,3.059029137
1814885237,1.43E-07,3.059085652
1816696093,1.42E-07,3.059142167
1818506949,1.42E-07,3.059198682
1820317805,1.42E-07,3.059255197
1822128661,1.42E-07,3.059311712
1823939517,1.41E-07,3.059368227
1825750373,1.41E-07,3.059424742
1827561230,1.41E-07,3.059481258
1829372086,1.41E-07,3.059537773
1831182942,1.40E-07,3.059594288
1832993798,1.40E-07,3.059650803
1834804654,1.40E-07,3.059707318
1836615510,1.39E-07,3.059763833
1838426366,1.39E-07,3.059820348
1840237222,1.39E-07,3.059876863
1842048078,1.39E-07,3.059933378
1843858934,1.38E-07,3.059989894
1845669790,1.38E-07,3.060046409
1847480646,1.38E-07,3.060102924
1849291503,1.38E-07,3.060159439
1851102359,1.37E-07,3.060215954
1852913215,1.37E-07,3.060272469
1854724071,1.37E-07,3.060328984
1856534927,1.37E-07,3.060385499
1858345783,1.36E-07,3.060442014
1860156639,1.36E-07,3.06049853
1861967495,1.36E-07,3.060555045
1863778351,1.36E-07,3.06061156
1865589207,1.35E-07,3.060668075
1867400063,1.35E-07,3.06072459
1869210919,1.35E-07,3.060781105
1871021776,1.34E-07,3.06083762
1872832632,1.34E-07,3.060894135
1874643488,1.34E-07,3.06095065
1876454344,1.34E-07,3.061007166
1878265200,1.33E-07,3.061063681
1880076056,1.33E-07,3.061120196
1881886912,1.33E-07,3.061176711
1883697768,1.33E-07,3.061233226
1885508624,1.32E-07,3.061289741
1887319480,1.32E-07,3.061346256
1889130336,1.32E-07,3.061402771
1890941192,1.32E-07,3.061459286
1892752049,1.31E-07,3.061515802
1894562905,1.31E-07,3.061572317
1896373761,1.31E-07,3.061628832
1898184617,1.31E-07,3.061685347
1899995473,1.30E-07,3.061741862
1901806329,1.30E-07,3.061798377
1903617185,1.30E-07,3.061854892
1905428041,1.30E-07,3.061911407
1907238897,1.29E-07,3.061967922
1909049753,1.29E-07,3.062024438
1910860609,1.29E-07,3.062080953
1912671465,1.28E-07,3.062137468
1914482322,1.28E-07,3.062193983
1916293178,1.28E-07,3.062250498
1918104034,1.28E-07,3.062307013
1919914890,1.27E-07,3.062363528
1921725746,1.27E-07,3.062420043
1923536602,1.27E-07,3.062476558
1925347458,1.27E-07,3.062533074
1927158314,1.26E-07,3.062589589
1928969170,1.26E-07,3.062646104
1930780026,1.26E-07,3.062702619
1932590882,1.26E-07,3.062759134
1934401738,1.25E-07,3.062815649
1936212595,1.25E-07,3.062872164
1938023451,1.25E-07,3.062928679
1939834307,1.25E-07,3.062985194
1941645163,1.24E-07,3.06304171
1943456019,1.24E-07,3.063098225
1945266875,1.24E-07,3.06315474
1947077731,1.23E-07,3.063211255
1948888587,1.23E-07,3.06326777
1950699443,1.23E-07,3.063324285
1952510299,1.23E-07,3.0633808
1954321155,1.22E-07,3.063437315
1956132011,1.22E-07,3.06349383
1957942867,1.22E-07,3.063550346
1959753724,1.22E-07,3.063606861
1961564580,1.21E-07,3.063663376
1963375436,1.21E-07,3.063719891
1965186292,1.21E-07,3.063776406
1966997148,1.21E-07,3.063832921
1968808004,1.20E-07,3.063889436
1970618860,1.20E-07,3.063945951
1972429716,1.20E-07,3.064002466
1974240572,1.20E-07,3.064058982
1976051428,1.19E-07,3.064115497
1977862284,1.19E-07,3.064172012
1979673140,1.19E-07,3.064228527
1981483997,1.18E-07,3.064285042
1983294853,1.18E-07,3.064341557
1985105709,1.18E-07,3.064398072
1986916565,1.18E-07,3.064454587
1988727421,1.17E-07,3.064511102
1990538277,1.17E-07,3.064567618
1992349133,1.17E-07,3.064624133
1994159989,1.17E-07,3.064680648
1995970845,1.16E-07,3.064737163
1997781701,1.16E-07,3.064793678
1999592557,1.16E-07,3.064850193
2001403413,1.16E-07,3.064906708
2003214270,1.15E-07,3.064963223
2005025126,1.15E-07,3.065019738
2006835982,1.15E-07,3.065076254
2008646838,1.15E-07,3.065132769
2010457694,1.14E-07,3.065189284
2012268550,1.14E-07,3.065245799
2014079406,1.14E-07,3.065302314
2015890262,1.14E-07,3.065358829
2017701118,1.13E-07,3.065415344
2019511974,1.13E-07,3.065471859
2021322830,1.13E-07,3.065528374
2023133686,1.12E-07,3.06558489
2024944543,1.12E-07,3.065641405
2026755399,1.12E-07,3.06569792
2028566255,1.12E-07,3.065754435
2030377111,1.11E-07,3.06581095
2032187967,1.11E-07,3.065867465
2033998823,1.11E-07,3.06592398
2035809679,1.11E-07,3.065980495
2037620535,1.10E-07,3.06603701
2039431391,1.10E-07,3.066093526
2041242247,1.10E-07,3.066150041
2043053103,1.10E-07,3.066206556
2044863959,1.09E-07,3.066263071
2046674816,1.09E-07,3.066319586
2048485672,1.09E-07,3.066376101
2050296528,1.09E-07,3.066432616
2052107384,1.08E-07,3.066489131
2053918240,1.08E-07,3.066545646
2055729096,1.08E-07,3.066602162
2057539952,1.07E-07,3.066658677
2059350808,1.07E-07,3.066715192
2061161664,1.07E-07,3.066771707
2062972520,1.07E-07,3.066828222
2064783376,1.06E-07,3.066884737
2066594232,1.06E-07,3.066941252
2068405089,1.06E-07,3.066997767
2070215945,1.06E-07,3.067054283
2072026801,1.05E-07,3.067110798
2073837657,1.05E-07,3.067167313
2075648513,1.05E-07,3.067223828
2077459369,1.05E-07,3.067280343
2079270225,1.04E-07,3.067336858
2081081081,1.04E-07,3.067393373
2082891937,1.04E-07,3.067449888
2084702793,1.04E-07,3.067506403
2086513649,1.03E-07,3.067562919
2088324505,1.03E-07,3.067619434
2090135361,1.03E-07,3.067675949
2091946218,1.02E-07,3.067732464
2093757074,1.02E-07,3.067788979
2095567930,1.02E-07,3.067845494
2097378786,1.02E-07,3.067902009
2099189642,1.01E-07,3.067958524
2101000498,1.01E-07,3.068015039
2102811354,1.01E-07,3.068071555
2104622210,1.01E-07,3.06812807
2106433066,1.00E-07,3.068184585
2108243922,1.00E-07,3.0682411
2110054778,9.99E-08,3.068297615
2111865634,9.96E-08,3.06835413
2113676491,9.93E-08,3.068410645
2115487347,9.91E-08,3.06846716
2117298203,9.88E-08,3.068523675
2119109059,9.85E-08,3.068580191
2120919915,9.83E-08,3.068636706
2122730771,9.80E-08,3.068693221
2124541627,9.78E-08,3.068749736
2126352483,9.75E-08,3.068806251
2128163339,9.72E-08,3.068862766
2129974195,9.70E-08,3.068919281
2131785051,9.67E-08,3.068975796
2133595907,9.64E-08,3.069032311
2135406764,9.62E-08,3.069088827
2137217620,9.59E-08,3.069145342
2139028476,9.57E-08,3.069201857
2140839332,9.54E-08,3.069258372
2142650188,9.51E-08,3.069314887
2144461044,9.49E-08,3.069371402
2146271900,9.46E-08,3.069427917
2148082756,9.43E-08,3.069484432
2149893612,9.41E-08,3.069540947
2151704468,9.38E-08,3.069597463
2153515324,9.36E-08,3.069653978
2155326180,9.33E-08,3.069710493
2157137037,9.30E-08,3.069767008
2158947893,9.28E-08,3.069823523
2160758749,9.25E-08,3.069880038
2162569605,9.22E-08,3.069936553
2164380461,9.20E-08,3.069993068
2166191317,9.17E-08,3.070049583
2168002173,9.15E-08,3.070106099
2169813029,9.12E-08,3.070162614
2171623885,9.09E-08,3.070219129
2173434741,9.07E-08,3.070275644
2175245597,9.04E-08,3.070332159
2177056453,9.01E-08,3.070388674
2178867310,8.99E-08,3.070445189
2180678166,8.96E-08,3.070501704
2182489022,8.94E-08,3.070558219
2184299878,8.91E-08,3.070614735
2186110734,8.88E-08,3.07067125
2187921590,8.86E-08,3.070727765
2189732446,8.83E-08,3.07078428
2191543302,8.80E-08,3.070840795
2193354158,8.78E-08,3.07089731
2195165014,8.75E-08,3.070953825
2196975870,8.73E-08,3.07101034
2198786726,8.70E-08,3.071066855
2200597583,8.67E-08,3.071123371
2202408439,8.65E-08,3.071179886
2204219295,8.62E-08,3.071236401
2206030151,8.59E-08,3.071292916
2207841007,8.57E-08,3.071349431
2209651863,8.54E-08,3.071405946
2211462719,8.52E-08,3.071462461
2213273575,8.49E-08,3.071518976
2215084431,8.46E-08,3.071575491
2216895287,8.44E-08,3.071632007
2218706143,8.41E-08,3.071688522
2220516999,8.38E-08,3.071745037
2222327855,8.36E-08,3.071801552
2224138712,8.33E-08,3.071858067
2225949568,8.31E-08,3.071914582
2227760424,8.28E-08,3.071971097
2229571280,8.25E-08,3.072027612
2231382136,8.23E-08,3.072084127
2233192992,8.20E-08,3.072140643
2235003848,8.17E-08,3.072197158
2236814704,8.15E-08,3.072253673
2238625560,8.12E-08,3.072310188
2240436416,8.10E-08,3.072366703
2242247272,8.07E-08,3.072423218
2244058128,8.04E-08,3.072479733
2245868985,8.02E-08,3.072536248
2247679841,7.99E-08,3.072592763
2249490697,7.96E-08,3.072649279
2251301553,7.94E-08,3.072705794
2253112409,7.91E-08,3.072762309
2254923265,7.89E-08,3.072818824
2256734121,7.86E-08,3.072875339
2258544977,7.83E-08,3.072931854
2260355833,7.81E-08,3.072988369
2262166689,7.78E-08,3.073044884
2263977545,7.75E-08,3.073101399
2265788401,7.73E-08,3.073157915
2267599258,7.70E-08,3.07321443
2269410114,7.68E-08,3.073270945
2271220970,7.65E-08,3.07332746
2273031826,7.62E-08,3.073383975
2274842682,7.60E-08,3.07344049
2276653538,7.57E-08,3.073497005
2278464394,7.54E-08,3.07355352
2280275250,7.52E-08,3.073610035
2282086106,7.49E-08,3.073666551
2283896962,7.47E-08,3.073723066
2285707818,7.44E-08,3.073779581
2287518674,7.41E-08,3.073836096
2289329531,7.39E-08,3.073892611
2291140387,7.36E-08,3.073949126
2292951243,7.33E-08,3.074005641
2294762099,7.31E-08,3.074062156
2296572955,7.28E-08,3.074118671
2298383811,7.26E-08,3.074175187
2300194667,7.23E-08,3.074231702
2302005523,7.20E-08,3.074288217
2303816379,7.18E-08,3.074344732
2305627235,7.15E-08,3.074401247
2307438091,7.12E-08,3.074457762
2309248947,7.10E-08,3.074514277
2311059804,7.07E-08,3.074570792
2312870660,7.05E-08,3.074627307
2314681516,7.02E-08,3.074683823
2316492372,6.99E-08,3.074740338
2318303228,6.97E-08,3.074796853
2320114084,6.94E-08,3.074853368
2321924940,6.91E-08,3.074909883
2323735796,6.89E-08,3.074966398
2325546652,6.86E-08,3.075022913
2327357508,6.84E-08,3.075079428
2329168364,6.81E-08,3.075135943
2330979220,6.78E-08,3.075192459
2332790077,6.76E-08,3.075248974
2334600933,6.73E-08,3.075305489
2336411789,6.70E-08,3.075362004
2338222645,6.68E-08,3.075418519
2340033501,6.65E-08,3.075475034
2341844357,6.63E-08,3.075531549
2343655213,6.60E-08,3.075588064
2345466069,6.57E-08,3.075644579
2347276925,6.55E-08,3.075701095
2349087781,6.52E-08,3.07575761
2350898637,6.49E-08,3.075814125
2352709493,6.47E-08,3.07587064
2354520349,6.44E-08,3.075927155
2356331206,6.42E-08,3.07598367
2358142062,6.39E-08,3.076040185
2359952918,6.36E-08,3.0760967
2361763774,6.34E-08,3.076153215
2363574630,6.31E-08,3.076209731
2365385486,6.28E-08,3.076266246
2367196342,6.26E-08,3.076322761
2369007198,6.23E-08,3.076379276
2370818054,6.21E-08,3.076435791
2372628910,6.18E-08,3.076492306
2374439766,6.15E-08,3.076548821
2376250622,6.13E-08,3.076605336
2378061479,6.10E-08,3.076661851
2379872335,6.07E-08,3.076718367
2381683191,6.05E-08,3.076774882
2383494047,6.02E-08,3.076831397
2385304903,6.00E-08,3.076887912
2387115759,5.97E-08,3.076944427
2388926615,5.94E-08,3.077000942
2390737471,5.92E-08,3.077057457
2392548327,5.89E-08,3.077113972
2394359183,5.86E-08,3.077170487
2396170039,5.84E-08,3.077227003
2397980895,5.81E-08,3.077283518
2399791752,5.79E-08,3.077340033
2401602608,5.76E-08,3.077396548
2403413464,5.73E-08,3.077453063
2405224320,5.71E-08,3.077509578
2407035176,5.68E-08,3.077566093
2408846032,5.65E-08,3.077622608
2410656888,5.63E-08,3.077679123
2412467744,5.60E-08,3.077735639
2414278600,5.58E-08,3.077792154
2416089456,5.55E-08,3.077848669
2417900312,5.52E-08,3.077905184
2419711168,5.50E-08,3.077961699
2421522025,5.47E-08,3.078018214
2423332881,5.44E-08,3.078074729
2425143737,5.42E-08,3.078131244
2426954593,5.39E-08,3.078187759
2428765449,5.37E-08,3.078244275
2430576305,5.34E-08,3.07830079
2432387161,5.31E-08,3.078357305
2434198017,5.29E-08,3.07841382
2436008873,5.26E-08,3.078470335
2437819729,5.23E-08,3.07852685
2439630585,5.21E-08,3.078583365
2441441441,5.18E-08,3.07863988
2443252298,5.16E-08,3.078696395
2445063154,5.13E-08,3.078752911
2446874010,5.10E-08,3.078809426
2448684866,5.08E-08,3.078865941
2450495722,5.05E-08,3.078922456
2452306578,5.02E-08,3.078978971
2454117434,5.00E-08,3.079035486
2455928290,4.97E-08,3.079092001
2457739146,4.95E-08,3.079148516
2459550002,4.92E-08,3.079205031
2461360858,4.89E-08,3.079261547
2463171714,4.87E-08,3.079318062
2464982571,4.84E-08,3.079374577
2466793427,4.81E-08,3.079431092
2468604283,4.79E-08,3.079487607
2470415139,4.76E-08,3.079544122
2472225995,4.74E-08,3.079600637
2474036851,4.71E-08,3.079657152
2475847707,4.68E-08,3.079713667
2477658563,4.66E-08,3.079770183
2479469419,4.63E-08,3.079826698
2481280275,4.60E-08,3.079883213
2483091131,4.58E-08,3.079939728
2484901987,4.55E-08,3.079996243
2486712843,4.53E-08,3.080052758
2488523700,4.50E-08,3.080109273
2490334556,4.47E-08,3.080165788
2492145412,4.45E-08,3.080222303
2493956268,4.42E-08,3.080278819
2495767124,4.39E-08,3.080335334
2497577980,4.37E-08,3.080391849
2499388836,4.34E-08,3.080448364
2501199692,4.32E-08,3.080504879
2503010548,4.29E-08,3.080561394
2504821404,4.26E-08,3.080617909
2506632260,4.24E-08,3.080674424
2508443116,4.21E-08,3.08073094
2510253973,4.18E-08,3.080787455
2512064829,4.16E-08,3.08084397
2513875685,4.13E-08,3.080900485
2515686541,4.11E-08,3.080957
2517497397,4.08E-08,3.081013515
2519308253,4.05E-08,3.08107003
2521119109,4.03E-08,3.081126545
2522929965,4.00E-08,3.08118306
2524740821,3.97E-08,3.081239576
2526551677,3.95E-08,3.081296091
2528362533,3.92E-08,3.081352606
2530173389,3.90E-08,3.081409121
2531984246,3.87E-08,3.081465636
2533795102,3.84E-08,3.081522151
2535605958,3.82E-08,3.081578666
2537416814,3.79E-08,3.081635181
2539227670,3.77E-08,3.081691696
2541038526,3.74E-08,3.081748212
2542849382,3.71E-08,3.081804727
2544660238,3.69E-08,3.081861242
2546471094,3.66E-08,3.081917757
2548281950,3.63E-08,3.081974272
2550092806,3.61E-08,3.082030787
2551903662,3.58E-08,3.082087302
2553714519,3.56E-08,3.082143817
2555525375,3.53E-08,3.082200332
2557336231,3.50E-08,3.082256848
2559147087,3.48E-08,3.082313363
2560957943,3.45E-08,3.082369878
2562768799,3.42E-08,3.082426393
2564579655,3.40E-08,3.082482908
2566390511,3.37E-08,3.082539423
2568201367,3.35E-08,3.082595938
2570012223,3.32E-08,3.082652453
2571823079,3.29E-08,3.082708968
2573633935,3.27E-08,3.082765484
2575444792,3.24E-08,3.082821999
2577255648,3.21E-08,3.082878514
2579066504,3.19E-08,3.082935029
2580877360,3.16E-08,3.082991544
2582688216,3.14E-08,3.083048059
2584499072,3.11E-08,3.083104574
2586309928,3.08E-08,3.083161089
2588120784,3.06E-08,3.083217604
2589931640,3.03E-08,3.08327412
2591742496,3.00E-08,3.083330635
2593553352,2.98E-08,3.08338715
2595364208,2.95E-08,3.083443665
2597175065,2.93E-08,3.08350018
2598985921,2.90E-08,3.083556695
2600796777,2.87E-08,3.08361321
2602607633,2.85E-08,3.083669725
2604418489,2.82E-08,3.08372624
2606229345,2.79E-08,3.083782756
2608040201,2.77E-08,3.083839271
2609851057,2.74E-08,3.083895786
2611661913,2.72E-08,3.083952301
2613472769,2.69E-08,3.084008816
2615283625,2.66E-08,3.084065331
2617094481,2.64E-08,3.084121846
2618905337,2.61E-08,3.084178361
2620716194,2.58E-08,3.084234876
2622527050,2.56E-08,3.084291392
2624337906,2.53E-08,3.084347907
2626148762,2.51E-08,3.084404422
2627959618,2.48E-08,3.084460937
2629770474,2.45E-08,3.084517452
2631581330,2.43E-08,3.084573967
2633392186,2.40E-08,3.084630482
2635203042,2.37E-08,3.084686997
2637013898,2.35E-08,3.084743512
2638824754,2.32E-08,3.084800028
2640635610,2.30E-08,3.084856543
2642446467,2.27E-08,3.084913058
2644257323,2.24E-08,3.084969573
2646068179,2.22E-08,3.085026088
2647879035,2.19E-08,3.085082603
2649689891,2.16E-08,3.085139118
2651500747,2.14E-08,3.085195633
2653311603,2.11E-08,3.085252148
2655122459,2.09E-08,3.085308664
2656933315,2.06E-08,3.085365179
2658744171,2.03E-08,3.085421694
2660555027,2.01E-08,3.085478209
2662365883,1.98E-08,3.085534724
2664176740,1.95E-08,3.085591239
2665987596,1.93E-08,3.085647754
2667798452,1.90E-08,3.085704269
2669609308,1.88E-08,3.085760784
2671420164,1.85E-08,3.0858173
2673231020,1.82E-08,3.085873815
2675041876,1.80E-08,3.08593033
2676852732,1.77E-08,3.085986845
2678663588,1.74E-08,3.08604336
2680474444,1.72E-08,3.086099875
2682285300,1.69E-08,3.08615639
2684096156,1.67E-08,3.086212905
2685907013,1.64E-08,3.08626942
2687717869,1.61E-08,3.086325936
2689528725,1.59E-08,3.086382451
2691339581,1.56E-08,3.086438966
2693150437,1.53E-08,3.086495481
2694961293,1.51E-08,3.086551996
2696772149,1.48E-08,3.086608511
2698583005,1.46E-08,3.086665026
2700393861,1.43E-08,3.086721541
2702204717,1.40E-08,3.086778056
2704015573,1.38E-08,3.086834572
2705826429,1.35E-08,3.086891087
2707637286,1.32E-08,3.086947602
2709448142,1.30E-08,3.087004117
2711258998,1.27E-08,3.087060632
2713069854,1.25E-08,3.087117147
2714880710,1.22E-08,3.087173662
2716691566,1.19E-08,3.087230177
2718502422,1.17E-08,3.087286692
2720313278,1.14E-08,3.087343208
2722124134,1.11E-08,3.087399723
2723934990,1.09E-08,3.087456238
2725745846,1.06E-08,3.087512753
2727556702,1.04E-08,3.087569268
2729367559,1.01E-08,3.087625783
2731178415,9.83E-09,3.087682298
2732989271,9.57E-09,3.087738813
2734800127,9.30E-09,3.087795328
2736610983,9.04E-09,3.087851844
2738421839,8.78E-09,3.087908359
2740232695,8.52E-09,3.087964874
2742043551,8.25E-09,3.088021389
2743854407,7.99E-09,3.088077904
2745665263,7.73E-09,3.088134419
2747476119,7.47E-09,3.088190934
2749286975,7.20E-09,3.088247449
2751097831,6.94E-09,3.088303964
2752908688,6.68E-09,3.08836048
2754719544,6.42E-09,3.088416995
2756530400,6.15E-09,3.08847351
2758341256,5.89E-09,3.088530025
2760152112,5.63E-09,3.08858654
2761962968,5.37E-09,3.088643055
2763773824,5.10E-09,3.08869957
2765584680,4.84E-09,3.088756085
2767395536,4.58E-09,3.0888126
2769206392,4.32E-09,3.088869116
2771017248,4.06E-09,3.088925631
2772828104,3.79E-09,3.088982146
2774638961,3.53E-09,3.089038661
2776449817,3.27E-09,3.089095176
2778260673,3.01E-09,3.089151691
2780071529,2.74E-09,3.089208206
2781882385,2.48E-09,3.089264721
2783693241,2.22E-09,3.089321236
2785504097,1.96E-09,3.089377752
2787314953,1.69E-09,3.089434267
2789125809,1.43E-09,3.089490782
2790936665,1.17E-09,3.089547297
2792747521,9.05E-10,3.089603812
2794558377,6.43E-10,3.089660327
2796369234,3.81E-10,3.089716842
2798180090,1.18E-10,3.089773357
2799990946,5.26E-18,3.089805532
2801801802,5.13E-18,3.089817791
2803612658,5.00E-18,3.089830051
2805423514,4.88E-18,3.089842311
2807234370,4.75E-18,3.08985457
2809045226,4.62E-18,3.08986683
