Frequency(Hz),S21_Magnitude,S21_Phase(rad)
1000000000.0,2.248634099977462e-06,2.3178892010661984
1001810856.0822129,2.2004290359896798e-06,2.318018897690632
1003621712.1644257,2.152223972001901e-06,2.318148594315065
1005432568.2466387,2.1040189080141184e-06,2.3182782909394986
1007243424.3288515,2.0558138440263394e-06,2.3184079875639316
1009054280.4110644,2.007608780038557e-06,2.318537684188365
1010865136.4932772,1.9619798678188385e-06,2.31866578490513
1012675992.5754901,1.919499585537858e-06,2.318791935068078
1014486848.6577029,1.8770193032568797e-06,2.3189180852310263
1016297704.7399158,1.8345390209758987e-06,2.319044235393974
1018108560.8221287,1.7920587386949206e-06,2.319170385556922
1019919416.9043416,1.7495784564139396e-06,2.3192965357198703
1021730272.9865544,1.7116399375129009e-06,2.3194196074411644
1023541129.0687673,1.6742060589874083e-06,2.319542337113386
1025351985.1509801,1.636772180461918e-06,2.319665066785608
1027162841.233193,1.5993383019364252e-06,2.3197877964578293
1028973697.3154058,1.561904423410935e-06,2.3199105261300508
1030784553.3976188,1.5260274152135492e-06,2.3200321008122198
1032595409.4798316,1.493041737625507e-06,2.320151530512862
1034406265.5620445,1.4600560600374624e-06,2.320270960213505
1036217121.6442573,1.42707038244942e-06,2.3203903899141474
1038027977.7264702,1.3940847048613757e-06,2.3205098196147897
1039838833.808683,1.3610990272733332e-06,2.320629249315432
1041649689.890896,1.331249931958609e-06,2.3207461313136704
1043460545.9731088,1.3021849822122168e-06,2.3208623763863074
1045271402.0553217,1.2731200324658228e-06,2.3209786214589445
1047082258.1375345,1.2440550827194308e-06,2.3210948665315816
1048893114.2197474,1.2149901329730367e-06,2.3212111116042187
1050703970.3019602,1.1928825277823263e-06,2.3213060293663275
1052514826.3841732,1.1916469562586598e-06,2.3213369651968527
1054325682.466386,1.190411384734993e-06,2.321367901027378
1056136538.5485989,1.1891758132113265e-06,2.3213988368579033
1057947394.6308117,1.18794024168766e-06,2.3214297726884285
1059758250.7130246,1.1867046701639932e-06,2.321460708518954
1061569106.7952374,1.1854690986403267e-06,2.321491644349479
1063379962.8774503,1.18423352711666e-06,2.3215225801800043
1065190818.9596632,1.1829979555929934e-06,2.3215535160105296
1067001675.0418761,1.1817623840693269e-06,2.321584451841055
1068812531.1240889,1.1805268125456601e-06,2.32161538767158
1070623387.2063018,1.1792912410219936e-06,2.3216463235021054
1072434243.2885146,1.178055669498327e-06,2.3216772593326307
1074245099.3707275,1.1768200979746603e-06,2.321708195163156
1076055955.4529405,1.1755845264509938e-06,2.3217391309936812
1077866811.5351532,1.1743489549273273e-06,2.3217700668242065
1079677667.617366,1.1731133834036605e-06,2.321801002654732
1081488523.699579,1.171877811879994e-06,2.3218319384852575
1083299379.781792,1.1706422403563273e-06,2.3218628743157828
1085110235.8640046,1.1694066688326607e-06,2.321893810146308
1086921091.9462175,1.1681710973089942e-06,2.3219247459768333
1088731948.0284305,1.1669355257853275e-06,2.3219556818073586
1090542804.1106434,1.165699954261661e-06,2.321986617637884
1092353660.192856,1.1644643827379944e-06,2.322017553468409
1094164516.275069,1.1632288112143277e-06,2.3220484892989344
1095975372.357282,1.1619932396906611e-06,2.3220794251294596
1097786228.4394948,1.1607576681669944e-06,2.322110360959985
1099597084.5217075,1.1595220966433279e-06,2.32214129679051
1101407940.6039205,1.1582865251196613e-06,2.3221722326210354
1103218796.6861334,1.1570509535959946e-06,2.3222031684515607
1105029652.7683463,1.155815382072328e-06,2.322234104282086
1106840508.8505592,1.1545798105486613e-06,2.3222650401126113
1108651364.932772,1.1533442390249948e-06,2.3222959759431365
1110462221.0149848,1.1521086675013282e-06,2.322326911773662
1112273077.0971978,1.1508730959776615e-06,2.322357847604187
1114083933.1794105,1.1496375244539952e-06,2.3223887834347123
1115894789.2616234,1.1484019529303284e-06,2.3224197192652376
1117705645.3438363,1.1471663814066617e-06,2.322450655095763
1119516501.4260492,1.1459308098829952e-06,2.322481590926288
1121327357.5082622,1.1446952383593284e-06,2.3225125267568134
1123138213.5904748,1.1434596668356621e-06,2.3225434625873387
1124949069.6726878,1.1422240953119954e-06,2.322574398417864
1126759925.7549007,1.1409885237883286e-06,2.322605334248389
1128570781.8371134,1.1397529522646623e-06,2.3226362700789145
1130381637.9193263,1.1385173807409956e-06,2.3226672059094398
1132192494.0015392,1.137281809217329e-06,2.322698141739965
1134003350.0837522,1.1360462376936623e-06,2.3227290775704903
1135814206.165965,1.1348106661699956e-06,2.3227600134010156
1137625062.2481778,1.1335750946463292e-06,2.322790949231541
1139435918.3303907,1.1323395231226625e-06,2.322821885062066
1141246774.4126036,1.131103951598996e-06,2.3228528208925914
1143057630.4948163,1.1298683800753294e-06,2.3228837567231166
1144868486.5770292,1.1286328085516627e-06,2.322914692553642
1146679342.6592422,1.1273972370279962e-06,2.322945628384167
1148490198.741455,1.1261616655043294e-06,2.3229765642146925
1150301054.823668,1.1249260939806627e-06,2.3230075000452177
1152111910.9058807,1.1236905224569964e-06,2.323038435875743
1153922766.9880936,1.1224549509333296e-06,2.3230693717062683
1155733623.0703065,1.121219379409663e-06,2.3231003075367935
1157544479.1525195,1.1199838078859964e-06,2.323131243367319
1159355335.2347322,1.1187482363623298e-06,2.323162179197844
1161166191.316945,1.1175126648386633e-06,2.3231931150283693
1162977047.399158,1.1162770933149965e-06,2.3232240508588946
1164787903.481371,1.11504152179133e-06,2.32325498668942
1166598759.5635836,1.1138059502676635e-06,2.323285922519945
1168409615.6457965,1.1125703787439967e-06,2.3233168583504704
1170220471.7280095,1.1113348072203302e-06,2.3233477941809957
1172031327.8102224,1.1100992356966635e-06,2.323378730011521
1173842183.892435,1.108863664172997e-06,2.3234096658420462
1175653039.974648,1.1076280926493304e-06,2.3234406016725715
1177463896.056861,1.1063925211256637e-06,2.3234715375030968
1179274752.1390738,1.1051569496019971e-06,2.323502473333622
1181085608.2212865,1.1039213780783306e-06,2.3235334091641473
1182896464.3034995,1.1026858065546639e-06,2.3235643449946726
1184707320.3857124,1.1014502350309973e-06,2.323595280825198
1186518176.4679253,1.1002146635073306e-06,2.323626216655723
1188329032.550138,1.098979091983664e-06,2.3236571524862484
1190139888.632351,1.0977435204599975e-06,2.3236880883167736
1191950744.7145638,1.0965079489363308e-06,2.323719024147299
1193761600.7967768,1.0952723774126643e-06,2.323749959977824
1195572456.8789895,1.0940368058889977e-06,2.3237808958083495
1197383312.9612024,1.092801234365331e-06,2.323811831638875
1199194169.0434153,1.0915656628416645e-06,2.3238427674694004
1201005025.1256282,1.0903300913179977e-06,2.3238737032999257
1202815881.207841,1.0890945197943314e-06,2.323904639130451
1204626737.2900538,1.0878589482706647e-06,2.3239355749609762
1206437593.3722668,1.086623376746998e-06,2.3239665107915015
1208248449.4544797,1.0853878052233314e-06,2.323997446622027
1210059305.5366926,1.0841522336996647e-06,2.324028382452552
1211870161.6189053,1.0829166621759981e-06,2.3240593182830773
1213681017.7011182,1.0816810906523316e-06,2.3240902541136026
1215491873.7833312,1.0804455191286648e-06,2.324121189944128
1217302729.8655438,1.0792099476049985e-06,2.324152125774653
1219113585.9477568,1.0779743760813318e-06,2.3241830616051784
1220924442.0299697,1.076738804557665e-06,2.3242139974357037
1222735298.1121826,1.0755032330339985e-06,2.324244933266229
1224546154.1943955,1.0742676615103318e-06,2.324275869096754
1226357010.2766082,1.0730320899866655e-06,2.3243068049272795
1228167866.3588212,1.0717965184629987e-06,2.3243377407578047
1229978722.441034,1.070560946939332e-06,2.32436867658833
1231789578.5232468,1.0693253754156657e-06,2.3243996124188553
1233600434.6054597,1.068089803891999e-06,2.3244305482493806
1235411290.6876726,1.0668542323683322e-06,2.324461484079906
1237222146.7698855,1.0656186608446656e-06,2.324492419910431
1239033002.8520985,1.0643830893209991e-06,2.3245233557409564
1240843858.9343112,1.0631475177973326e-06,2.3245542915714816
1242654715.016524,1.0619119462736658e-06,2.324585227402007
1244465571.098737,1.0606763747499993e-06,2.324616163232532
1246276427.1809497,1.0594408032263328e-06,2.3246470990630574
1248087283.2631626,1.058205231702666e-06,2.3246780348935827
1249898139.3453755,1.0569696601789995e-06,2.324708970724108
1251708995.4275885,1.0557340886553328e-06,2.3247399065546333
1253519851.5098014,1.054498517131666e-06,2.3247708423851585
1255330707.592014,1.0532629456079997e-06,2.324801778215684
1257141563.674227,1.052027374084333e-06,2.324832714046209
1258952419.75644,1.0507918025606664e-06,2.3248636498767343
1260763275.8386526,1.049556231037e-06,2.3248945857072596
1262574131.9208655,1.0483206595133332e-06,2.324925521537785
1264384988.0030785,1.0470850879896666e-06,2.32495645736831
1266195844.0852914,1.0458495164659999e-06,2.3249873931988354
1268006700.1675043,1.0446139449423334e-06,2.3250183290293607
1269817556.249717,1.0433783734186668e-06,2.325049264859886
1271628412.33193,1.042142801895e-06,2.325080200690411
1273439268.4141428,1.0409072303713336e-06,2.3251111365209365
1275250124.4963555,1.039671658847667e-06,2.3251420723514618
1277060980.5785685,1.0384360873240003e-06,2.325173008181987
1278871836.6607814,1.0372005158003338e-06,2.3252039440125123
1280682692.7429943,1.035964944276667e-06,2.3252348798430376
1282493548.8252072,1.0347293727530005e-06,2.325265815673563
1284304404.90742,1.033493801229334e-06,2.325296751504088
1286115260.9896328,1.0322582297056672e-06,2.3253276873346134
1287926117.0718458,1.0310226581820007e-06,2.3253586231651386
1289736973.1540585,1.0297870866583342e-06,2.325389558995664
1291547829.2362714,1.0285515151346674e-06,2.325420494826189
1293358685.3184843,1.0273159436110009e-06,2.3254514306567144
1295169541.4006972,1.0260803720873341e-06,2.3254823664872397
1296980397.4829102,1.0248448005636676e-06,2.325513302317765
1298791253.565123,1.0236092290400009e-06,2.3255442381482903
1300602109.6473358,1.0223736575163343e-06,2.3255751739788155
1302412965.7295487,1.0211380859926678e-06,2.325606109809341
1304223821.8117616,1.019902514469001e-06,2.325637045639866
1306034677.8939743,1.0186669429453347e-06,2.3256679814703913
1307845533.9761872,1.017431371421668e-06,2.3256989173009166
1309656390.0584002,1.0161957998980013e-06,2.325729853131442
1311467246.140613,1.0149602283743347e-06,2.325760788961967
1313278102.222826,1.013724656850668e-06,2.3257917247924924
1315088958.3050387,1.0124890853270015e-06,2.325822660623018
1316899814.3872516,1.011253513803335e-06,2.3258535964535434
1318710670.4694645,1.0100179422796682e-06,2.3258845322840687
1320521526.5516772,1.0087823707560019e-06,2.325915468114594
1322332382.6338902,1.0075467992323351e-06,2.325946403945119
1324143238.716103,1.0063112277086686e-06,2.3259773397756445
1325954094.798316,1.0050756561850019e-06,2.3260082756061697
1327764950.880529,1.0038400846613351e-06,2.326039211436695
1329575806.9627416,1.0026045131376688e-06,2.3260701472672203
1331386663.0449545,1.001368941614002e-06,2.3261010830977455
1333197519.1271675,1.0001333700903353e-06,2.326132018928271
1335008375.2093801,9.98897798566669e-07,2.326162954758796
1336819231.291593,9.976622270430023e-07,2.3261938905893214
1338630087.373806,9.964266555193357e-07,2.3262248264198466
1340440943.456019,9.95191083995669e-07,2.326255762250372
1342251799.5382318,9.939555124720025e-07,2.326286698080897
1344062655.6204445,9.92719940948336e-07,2.3263176339114224
1345873511.7026575,9.914843694246692e-07,2.3263485697419477
1347684367.7848704,9.902487979010027e-07,2.326379505572473
1349495223.867083,9.890132263773361e-07,2.3264104414029982
1351306079.949296,9.877776548536694e-07,2.3264413772335235
1353116936.031509,9.865420833300028e-07,2.326472313064049
1354927792.1137218,9.853065118063361e-07,2.326503248894574
1356738648.1959348,9.840709402826694e-07,2.3265341847250993
1358549504.2781475,9.82835368759003e-07,2.3265651205556246
1360360360.3603604,9.815997972353363e-07,2.32659605638615
1362171216.4425733,9.803642257116698e-07,2.326626992216675
1363982072.524786,9.791286541880032e-07,2.3266579280472004
1365792928.606999,9.778930826643365e-07,2.3266888638777257
1367603784.6892118,9.7665751114067e-07,2.326719799708251
1369414640.7714248,9.754219396170032e-07,2.326750735538776
1371225496.8536377,9.741863680933367e-07,2.3267816713693015
1373036352.9358504,9.729507965696702e-07,2.3268126071998267
1374847209.0180633,9.717152250460034e-07,2.326843543030352
1376658065.1002762,9.70479653522337e-07,2.3268744788608773
1378468921.182489,9.692440819986704e-07,2.3269054146914026
1380279777.2647018,9.680085104750036e-07,2.326936350521928
1382090633.3469148,9.66772938951337e-07,2.326967286352453
1383901489.4291277,9.655373674276704e-07,2.3269982221829784
1385712345.5113406,9.643017959040038e-07,2.3270291580135036
1387523201.5935533,9.630662243803373e-07,2.327060093844029
1389334057.6757662,9.618306528566706e-07,2.327091029674554
1391144913.7579792,9.60595081333004e-07,2.3271219655050794
1392955769.8401918,9.593595098093375e-07,2.3271529013356047
1394766625.9224048,9.581239382856708e-07,2.32718383716613
1396577482.0046177,9.568883667620042e-07,2.3272147729966552
1398388338.0868306,9.556527952383375e-07,2.3272457088271805
1400199194.1690435,9.54417223714671e-07,2.327276644657706
1402010050.2512562,9.531816521910044e-07,2.327307580488231
1403820906.3334692,9.519460806673378e-07,2.3273385163187563
1405631762.415682,9.507105091436711e-07,2.3273694521492816
1407442618.497895,9.494749376200044e-07,2.327400387979807
1409253474.5801077,9.48239366096338e-07,2.327431323810332
1411064330.6623206,9.470037945726713e-07,2.3274622596408574
1412875186.7445335,9.457682230490047e-07,2.3274931954713827
1414686042.8267465,9.445326515253381e-07,2.327524131301908
1416496898.9089594,9.432970800016713e-07,2.327555067132433
1418307754.991172,9.420615084780049e-07,2.3275860029629585
1420118611.073385,9.408259369543383e-07,2.3276169387934837
1421929467.155598,9.395903654306716e-07,2.327647874624009
1423740323.2378106,9.383547939070052e-07,2.3276788104545343
1425551179.3200235,9.371192223833385e-07,2.3277097462850596
1427362035.4022365,9.358836508596718e-07,2.327740682115585
1429172891.4844494,9.346480793360052e-07,2.32777161794611
1430983747.5666623,9.334125078123386e-07,2.3278025537766354
1432794603.648875,9.321769362886721e-07,2.327833489607161
1434605459.731088,9.309413647650054e-07,2.3278644254376863
1436416315.8133008,9.297057932413388e-07,2.3278953612682116
1438227171.8955135,9.284702217176723e-07,2.327926297098737
1440038027.9777265,9.272346501940056e-07,2.327957232929262
1441848884.0599394,9.25999078670339e-07,2.3279881687597874
1443659740.1421523,9.247635071466723e-07,2.3280191045903127
1445470596.2243652,9.235279356230057e-07,2.328050040420838
1447281452.306578,9.222923640993393e-07,2.3280809762513632
1449092308.3887908,9.210567925756725e-07,2.3281119120818885
1450903164.4710038,9.198212210520059e-07,2.3281428479124138
1452714020.5532165,9.185856495283395e-07,2.328173783742939
1454524876.6354294,9.173500780046727e-07,2.3282047195734643
1456335732.7176423,9.161145064810062e-07,2.3282356554039896
1458146588.7998552,9.148789349573394e-07,2.328266591234515
1459957444.8820682,9.136433634336728e-07,2.32829752706504
1461768300.9642808,9.124077919100064e-07,2.3283284628955654
1463579157.0464938,9.111722203863396e-07,2.3283593987260907
1465390013.1287067,9.099366488626731e-07,2.328390334556616
1467200869.2109194,9.087010773390066e-07,2.328421270387141
1469011725.2931323,9.074655058153398e-07,2.3284522062176665
1470822581.3753452,9.062299342916733e-07,2.3284831420481917
1472633437.4575582,9.049943627680066e-07,2.328514077878717
1474444293.539771,9.0375879124434e-07,2.3285450137092423
1476255149.6219838,9.025232197206735e-07,2.3285759495397675
1478066005.7041967,9.012876481970068e-07,2.328606885370293
1479876861.7864096,9.000520766733402e-07,2.328637821200818
1481687717.8686223,8.988165051496737e-07,2.3286687570313434
1483498573.9508352,8.975809336260071e-07,2.3286996928618686
1485309430.0330482,8.963453621023404e-07,2.328730628692394
1487120286.115261,8.951097905786737e-07,2.328761564522919
1488931142.197474,8.938742190550072e-07,2.3287925003534444
1490741998.2796867,8.926386475313406e-07,2.3288234361839697
1492552854.3618996,8.91403076007674e-07,2.328854372014495
1494363710.4441125,8.901675044840074e-07,2.3288853078450202
1496174566.5263252,8.889319329603408e-07,2.3289162436755455
1497985422.6085382,8.876963614366742e-07,2.3289471795060708
1499796278.690751,8.864607899130076e-07,2.328978115336596
1501607134.772964,8.852252183893409e-07,2.3290090511671213
1503417990.855177,8.839896468656743e-07,2.3290399869976466
1505228846.9373896,8.827540753420078e-07,2.329070922828172
1507039703.0196025,8.815185038183411e-07,2.329101858658697
1508850559.1018155,8.802829322946745e-07,2.3291327944892224
1510661415.1840281,8.79047360771008e-07,2.3291637303197477
1512472271.266241,8.778117892473413e-07,2.329194666150273
1514283127.348454,8.765762177236747e-07,2.329225601980798
1516093983.430667,8.75340646200008e-07,2.3292565378113235
1517904839.5128798,8.741050746763414e-07,2.3292874736418487
1519715695.5950925,8.728695031526749e-07,2.329318409472374
1521526551.6773055,8.716339316290083e-07,2.3293493453028993
1523337407.7595184,8.703983601053416e-07,2.3293802811334245
1525148263.8417313,8.69162788581675e-07,2.32941121696395
1526959119.923944,8.679272170580086e-07,2.329442152794475
1528769976.006157,8.666916455343418e-07,2.3294730886250004
1530580832.0883698,8.654560740106752e-07,2.3295040244555256
1532391688.1705828,8.642205024870085e-07,2.329534960286051
1534202544.2527957,8.629849309633419e-07,2.329565896116576
1536013400.3350084,8.617493594396755e-07,2.3295968319471014
1537824256.4172213,8.605137879160087e-07,2.3296277677776267
1539635112.499434,8.592782163923422e-07,2.329658703608152
1541445968.581647,8.580426448686757e-07,2.3296896394386772
1543256824.6638598,8.568070733450089e-07,2.3297205752692025
1545067680.7460728,8.555715018213424e-07,2.329751511099728
1546878536.8282857,8.543359302976757e-07,2.329782446930253
1548689392.9104986,8.53100358774009e-07,2.3298133827607783
1550500248.9927113,8.518647872503426e-07,2.329844318591304
1552311105.0749242,8.506292157266759e-07,2.3298752544218293
1554121961.157137,8.493936442030094e-07,2.3299061902523546
1555932817.2393498,8.481580726793428e-07,2.32993712608288
1557743673.3215628,8.469225011556761e-07,2.329968061913405
1559554529.4037757,8.456869296320095e-07,2.3299989977439304
1561365385.4859886,8.444513581083428e-07,2.3300299335744556
1563176241.5682015,8.432157865846762e-07,2.330060869404981
1564987097.6504142,8.419802150610097e-07,2.330091805235506
1566797953.7326272,8.40744643537343e-07,2.3301227410660315
1568608809.8148398,8.395090720136766e-07,2.3301536768965567
1570419665.8970528,8.382735004900099e-07,2.330184612727082
1572230521.9792657,8.370379289663433e-07,2.3302155485576073
1574041378.0614786,8.358023574426767e-07,2.3302464843881325
1575852234.1436915,8.345667859190099e-07,2.330277420218658
1577663090.2259045,8.333312143953434e-07,2.330308356049183
1579473946.3081172,8.320956428716769e-07,2.3303392918797083
1581284802.39033,8.308600713480101e-07,2.3303702277102336
1583095658.472543,8.296244998243436e-07,2.330401163540759
1584906514.5547557,8.283889283006771e-07,2.330432099371284
1586717370.6369686,8.271533567770104e-07,2.3304630352018094
1588528226.7191815,8.259177852533438e-07,2.3304939710323347
1590339082.8013945,8.24682213729677e-07,2.33052490686286
1592149938.8836074,8.234466422060105e-07,2.3305558426933852
1593960794.9658203,8.222110706823438e-07,2.3305867785239105
1595771651.048033,8.209754991586773e-07,2.3306177143544358
1597582507.130246,8.197399276350107e-07,2.330648650184961
1599393363.2124586,8.185043561113442e-07,2.3306795860154863
1601204219.2946715,8.172687845876775e-07,2.3307105218460116
1603015075.3768845,8.160332130640109e-07,2.330741457676537
1604825931.4590974,8.147976415403443e-07,2.330772393507062
1606636787.5413103,8.135620700166776e-07,2.3308033293375874
1608447643.6235232,8.123264984930109e-07,2.3308342651681127
1610258499.705736,8.110909269693445e-07,2.330865200998638
1612069355.7879488,8.098553554456778e-07,2.330896136829163
1613880211.8701615,8.086197839220113e-07,2.3309270726596885
1615691067.9523745,8.073842123983448e-07,2.3309580084902137
1617501924.0345874,8.06148640874678e-07,2.330988944320739
1619312780.1168003,8.049130693510114e-07,2.3310198801512643
1621123636.1990132,8.036774978273448e-07,2.3310508159817895
1622934492.2812262,8.024419263036781e-07,2.331081751812315
1624745348.3634388,8.012063547800116e-07,2.33111268764284
1626556204.4456518,7.99970783256345e-07,2.3311436234733653
1628367060.5278645,7.987352117326784e-07,2.3311745593038906
1630177916.6100774,7.974996402090119e-07,2.331205495134416
1631988772.6922903,7.962640686853452e-07,2.331236430964941
1633799628.7745032,7.950284971616785e-07,2.3312673667954664
1635610484.8567162,7.937929256380119e-07,2.3312983026259917
1637421340.938929,7.925573541143452e-07,2.331329238456517
1639232197.0211418,7.913217825906788e-07,2.3313601742870422
1641043053.1033547,7.900862110670121e-07,2.3313911101175675
1642853909.1855674,7.888506395433456e-07,2.3314220459480928
1644664765.2677803,7.87615068019679e-07,2.331452981778618
1646475621.3499932,7.863794964960123e-07,2.3314839176091433
1648286477.4322062,7.851439249723457e-07,2.3315148534396686
1650097333.514419,7.83908353448679e-07,2.331545789270194
1651908189.596632,7.826727819250124e-07,2.331576725100719
1653719045.6788447,7.81437210401346e-07,2.3316076609312444
1655529901.7610576,7.802016388776792e-07,2.3316385967617697
1657340757.8432703,7.789660673540128e-07,2.331669532592295
1659151613.9254832,7.777304958303461e-07,2.33170046842282
1660962470.0076962,7.764949243066794e-07,2.3317314042533455
1662773326.089909,7.752593527830129e-07,2.3317623400838707
1664584182.172122,7.740237812593461e-07,2.331793275914396
1666395038.254335,7.727882097356796e-07,2.3318242117449217
1668205894.3365476,7.715526382120131e-07,2.331855147575447
1670016750.4187605,7.703170666883463e-07,2.3318860834059723
1671827606.5009732,7.690814951646799e-07,2.3319170192364975
1673638462.5831861,7.678459236410133e-07,2.331947955067023
1675449318.665399,7.666103521173466e-07,2.331978890897548
1677260174.747612,7.6537478059368e-07,2.3320098267280733
1679071030.829825,7.641392090700133e-07,2.3320407625585986
1680881886.9120378,7.629036375463467e-07,2.332071698389124
1682692742.9942505,7.616680660226802e-07,2.332102634219649
1684503599.0764635,7.604324944990136e-07,2.3321335700501744
1686314455.1586761,7.59196922975347e-07,2.3321645058806997
1688125311.240889,7.579613514516804e-07,2.332195441711225
1689936167.323102,7.567257799280138e-07,2.33222637754175
1691747023.405315,7.554902084043471e-07,2.3322573133722755
1693557879.4875278,7.542546368806805e-07,2.3322882492028008
1695368735.5697408,7.530190653570139e-07,2.332319185033326
1697179591.6519537,7.517834938333471e-07,2.3323501208638513
1698990447.7341664,7.505479223096807e-07,2.3323810566943766
1700801303.8163793,7.49312350786014e-07,2.332411992524902
1702612159.898592,7.480767792623475e-07,2.332442928355427
1704423015.980805,7.468412077386809e-07,2.3324738641859524
1706233872.0630178,7.456056362150142e-07,2.3325048000164776
1708044728.1452308,7.443700646913476e-07,2.332535735847003
1709855584.2274437,7.43134493167681e-07,2.332566671677528
1711666440.3096566,7.418989216440142e-07,2.3325976075080534
1713477296.3918693,7.406633501203478e-07,2.3326285433385787
1715288152.4740822,7.394277785966812e-07,2.332659479169104
1717099008.556295,7.381922070730146e-07,2.3326904149996293
1718909864.6385078,7.369566355493481e-07,2.3327213508301545
1720720720.7207208,7.357210640256814e-07,2.33275228666068
1722531576.8029337,7.344854925020147e-07,2.332783222491205
1724342432.8851466,7.332499209783481e-07,2.3328141583217303
1726153288.9673595,7.320143494546815e-07,2.3328450941522556
1727964145.0495722,7.30778777931015e-07,2.332876029982781
1729775001.1317852,7.295432064073483e-07,2.332906965813306
1731585857.2139978,7.283076348836818e-07,2.3329379016438314
1733396713.2962108,7.270720633600152e-07,2.3329688374743567
1735207569.3784237,7.258364918363485e-07,2.332999773304882
1737018425.4606366,7.24600920312682e-07,2.333030709135407
1738829281.5428495,7.233653487890152e-07,2.3330616449659325
1740640137.6250625,7.221297772653486e-07,2.3330925807964578
1742450993.7072752,7.208942057416822e-07,2.333123516626983
1744261849.789488,7.196586342180154e-07,2.3331544524575083
1746072705.8717008,7.18423062694349e-07,2.3331853882880336
1747883561.9539137,7.171874911706824e-07,2.333216324118559
1749694418.0361266,7.159519196470157e-07,2.333247259949084
1751505274.1183395,7.14716348123349e-07,2.3332781957796094
1753316130.2005525,7.134807765996823e-07,2.3333091316101346
1755126986.2827654,7.122452050760157e-07,2.33334006744066
1756937842.364978,7.110096335523493e-07,2.333371003271185
1758748698.447191,7.097740620286827e-07,2.3334019391017105
1760559554.5294037,7.085384905050161e-07,2.3334328749322357
1762370410.6116166,7.073029189813495e-07,2.333463810762761
1764181266.6938295,7.060673474576829e-07,2.3334947465932863
1765992122.7760425,7.048317759340162e-07,2.3335256824238115
1767802978.8582554,7.035962044103495e-07,2.333556618254337
1769613834.9404683,7.023606328866828e-07,2.333587554084862
1771424691.022681,7.011250613630164e-07,2.3336184899153873
1773235547.104894,6.998894898393498e-07,2.3336494257459126
1775046403.1871066,6.986539183156832e-07,2.333680361576438
1776857259.2693195,6.974183467920166e-07,2.333711297406963
1778668115.3515325,6.9618277526835e-07,2.3337422332374884
1780478971.4337454,6.949472037446833e-07,2.3337731690680137
1782289827.5159583,6.937116322210167e-07,2.333804104898539
1784100683.5981712,6.924760606973501e-07,2.3338350407290647
1785911539.680384,6.912404891736835e-07,2.33386597655959
1787722395.7625968,6.900049176500169e-07,2.333896912390115
1789533251.8448095,6.887693461263504e-07,2.3339278482206405
1791344107.9270225,6.875337746026837e-07,2.3339587840511657
1793154964.0092354,6.862982030790171e-07,2.333989719881691
1794965820.0914483,6.850626315553505e-07,2.3340206557122163
1796776676.1736612,6.838270600316838e-07,2.3340515915427416
1798587532.2558742,6.825914885080172e-07,2.334082527373267
1800398388.3380868,6.813559169843507e-07,2.334113463203792
1802209244.4202998,6.80120345460684e-07,2.3341443990343174
1804020100.5025125,6.788847739370175e-07,2.3341753348648426
1805830956.5847254,6.776492024133509e-07,2.334206270695368
1807641812.6669383,6.764136308896842e-07,2.334237206525893
1809452668.7491512,6.751780593660176e-07,2.3342681423564184
1811263524.8313642,6.73942487842351e-07,2.3342990781869437
1813074380.913577,6.727069163186843e-07,2.334330014017469
1814885236.99579,6.714713447950177e-07,2.3343609498479942
1816696093.0780027,6.702357732713512e-07,2.3343918856785195
1818506949.1602156,6.690002017476845e-07,2.334422821509045
1820317805.2424283,6.677646302240181e-07,2.33445375733957
1822128661.3246412,6.665290587003513e-07,2.3344846931700953
1823939517.4068542,6.652934871766847e-07,2.3345156290006206
1825750373.489067,6.640579156530181e-07,2.334546564831146
1827561229.57128,6.628223441293514e-07,2.334577500661671
1829372085.653493,6.615867726056848e-07,2.3346084364921964
1831182941.7357056,6.603512010820183e-07,2.3346393723227217
1832993797.8179185,6.591156295583516e-07,2.334670308153247
1834804653.9001312,6.578800580346852e-07,2.334701243983772
1836615509.9823442,6.566444865110186e-07,2.3347321798142975
1838426366.064557,6.554089149873518e-07,2.3347631156448228
1840237222.14677,6.541733434636852e-07,2.334794051475348
1842048078.228983,6.529377719400186e-07,2.3348249873058733
1843858934.3111959,6.517022004163519e-07,2.3348559231363986
1845669790.3934085,6.504666288926855e-07,2.334886858966924
1847480646.4756215,6.492310573690188e-07,2.334917794797449
1849291502.5578341,6.479954858453523e-07,2.3349487306279744
1851102358.640047,6.467599143216857e-07,2.3349796664584996
1852913214.72226,6.455243427980191e-07,2.335010602289025
1854724070.804473,6.442887712743524e-07,2.33504153811955
1856534926.8866858,6.430531997506857e-07,2.3350724739500754
1858345782.9688988,6.418176282270191e-07,2.3351034097806007
1860156639.0511115,6.405820567033526e-07,2.335134345611126
1861967495.1333244,6.39346485179686e-07,2.3351652814416513
1863778351.215537,6.381109136560195e-07,2.3351962172721765
1865589207.29775,6.368753421323528e-07,2.335227153102702
1867400063.379963,6.356397706086862e-07,2.335258088933227
1869210919.4621758,6.344041990850196e-07,2.3352890247637523
1871021775.5443888,6.331686275613529e-07,2.3353199605942776
1872832631.6266017,6.319330560376862e-07,2.335350896424803
1874643487.7088144,6.306974845140198e-07,2.335381832255328
1876454343.7910273,6.294619129903531e-07,2.3354127680858534
1878265199.87324,6.282263414666866e-07,2.3354437039163787
1880076055.955453,6.2699076994302e-07,2.335474639746904
1881886912.0376658,6.257551984193533e-07,2.335505575577429
1883697768.1198788,6.245196268956867e-07,2.3355365114079545
1885508624.2020917,6.2328405537202e-07,2.3355674472384798
1887319480.2843046,6.220484838483534e-07,2.335598383069005
1889130336.3665173,6.208129123246869e-07,2.3356293188995303
1890941192.4487302,6.195773408010202e-07,2.3356602547300556
1892752048.530943,6.183417692773537e-07,2.335691190560581
1894562904.6131558,6.171061977536871e-07,2.335722126391106
1896373760.6953688,6.158706262300204e-07,2.3357530622216314
1898184616.7775817,6.146350547063538e-07,2.3357839980521566
1899995472.8597946,6.133994831826872e-07,2.335814933882682
1901806328.9420075,6.121639116590205e-07,2.3358458697132076
1903617185.0242202,6.10928340135354e-07,2.335876805543733
1905428041.1064332,6.096927686116874e-07,2.335907741374258
1907238897.1886458,6.084571970880209e-07,2.3359386772047834
1909049753.2708588,6.072216255643542e-07,2.3359696130353087
1910860609.3530717,6.059860540406876e-07,2.336000548865834
1912671465.4352846,6.047504825170209e-07,2.3360314846963592
1914482321.5174975,6.035149109933543e-07,2.3360624205268845
1916293177.5997105,6.022793394696877e-07,2.33609335635741
1918104033.6819232,6.010437679460211e-07,2.336124292187935
1919914889.764136,5.998081964223545e-07,2.3361552280184603
1921725745.8463488,5.985726248986881e-07,2.3361861638489856
1923536601.9285617,5.973370533750214e-07,2.336217099679511
1925347458.0107746,5.961014818513547e-07,2.336248035510036
1927158314.0929875,5.948659103276881e-07,2.3362789713405614
1928969170.1752005,5.936303388040214e-07,2.3363099071710867
1930780026.2574134,5.923947672803548e-07,2.336340843001612
1932590882.3396263,5.911591957566881e-07,2.336371778832137
1934401738.421839,5.899236242330216e-07,2.3364027146626625
1936212594.504052,5.88688052709355e-07,2.3364336504931877
1938023450.5862646,5.874524811856886e-07,2.336464586323713
1939834306.6684775,5.862169096620219e-07,2.3364955221542383
1941645162.7506905,5.849813381383553e-07,2.3365264579847635
1943456018.8329034,5.837457666146885e-07,2.336557393815289
1945266874.9151163,5.825101950910219e-07,2.336588329645814
1947077730.9973292,5.812746235673553e-07,2.3366192654763394
1948888587.079542,5.800390520436888e-07,2.3366502013068646
1950699443.1617548,5.788034805200221e-07,2.33668113713739
1952510299.2439675,5.775679089963557e-07,2.336712072967915
1954321155.3261805,5.76332337472689e-07,2.3367430087984404
1956132011.4083934,5.750967659490224e-07,2.3367739446289657
1957942867.4906063,5.738611944253558e-07,2.336804880459491
1959753723.5728192,5.72625622901689e-07,2.3368358162900162
1961564579.6550322,5.713900513780224e-07,2.3368667521205415
1963375435.7372448,5.70154479854356e-07,2.336897687951067
1965186291.8194578,5.689189083306893e-07,2.336928623781592
1966997147.9016705,5.676833368070228e-07,2.3369595596121173
1968808003.9838834,5.664477652833562e-07,2.3369904954426426
1970618860.0660963,5.652121937596895e-07,2.337021431273168
1972429716.1483092,5.639766222360229e-07,2.337052367103693
1974240572.2305222,5.627410507123563e-07,2.3370833029342184
1976051428.312735,5.615054791886896e-07,2.3371142387647437
1977862284.3949478,5.602699076650231e-07,2.337145174595269
1979673140.4771607,5.590343361413565e-07,2.337176110425794
1981483996.5593734,5.577987646176899e-07,2.3372070462563195
1983294852.6415863,5.565631930940233e-07,2.3372379820868447
1985105708.7237992,5.553276215703567e-07,2.33726891791737
1986916564.8060122,5.5409205004669e-07,2.3372998537478953
1988727420.888225,5.528564785230234e-07,2.3373307895784206
1990538276.970438,5.516209069993568e-07,2.337361725408946
1992349133.0526507,5.503853354756902e-07,2.337392661239471
1994159989.1348636,5.491497639520236e-07,2.3374235970699964
1995970845.2170763,5.479141924283571e-07,2.3374545329005216
1997781701.2992892,5.466786209046904e-07,2.337485468731047
1999592557.3815022,5.454430493810238e-07,2.337516404561572
2001403413.463715,5.442074778573571e-07,2.3375473403920974
2003214269.545928,5.429719063336905e-07,2.3375782762226227
2005025125.628141,5.417363348100239e-07,2.337609212053148
2006835981.7103536,5.405007632863573e-07,2.3376401478836732
2008646837.7925665,5.392651917626907e-07,2.3376710837141985
2010457693.8747792,5.380296202390243e-07,2.337702019544724
2012268549.9569921,5.367940487153575e-07,2.337732955375249
2014079406.039205,5.355584771916909e-07,2.3377638912057743
2015890262.121418,5.343229056680243e-07,2.3377948270362996
2017701118.203631,5.330873341443576e-07,2.337825762866825
2019511974.2858438,5.31851762620691e-07,2.3378566986973506
2021322830.3680565,5.306161910970245e-07,2.337887634527876
2023133686.4502695,5.293806195733578e-07,2.337918570358401
2024944542.5324821,5.281450480496914e-07,2.3379495061889264
2026755398.614695,5.269094765260248e-07,2.3379804420194517
2028566254.696908,5.256739050023581e-07,2.338011377849977
2030377110.779121,5.244383334786914e-07,2.338042313680502
2032187966.8613338,5.232027619550248e-07,2.3380732495110275
2033998822.9435468,5.219671904313581e-07,2.3381041853415527
2035809679.0257595,5.207316189076917e-07,2.338135121172078
2037620535.1079724,5.194960473840251e-07,2.3381660570026033
2039431391.190185,5.182604758603585e-07,2.3381969928331285
2041242247.272398,5.170249043366919e-07,2.338227928663654
2043053103.354611,5.157893328130253e-07,2.338258864494179
2044863959.4368238,5.145537612893586e-07,2.3382898003247043
2046674815.5190368,5.133181897656919e-07,2.3383207361552296
2048485671.6012497,5.120826182420252e-07,2.338351671985755
2050296527.6834626,5.108470467183586e-07,2.33838260781628
2052107383.7656753,5.096114751946922e-07,2.3384135436468054
2053918239.8478882,5.083759036710256e-07,2.3384444794773307
2055729095.930101,5.07140332147359e-07,2.338475415307856
2057539952.0123138,5.059047606236924e-07,2.3385063511383812
2059350808.0945268,5.046691891000258e-07,2.3385372869689065
2061161664.1767397,5.034336175763591e-07,2.3385682227994318
2062972520.2589526,5.021980460526925e-07,2.338599158629957
2064783376.3411655,5.009624745290257e-07,2.3386300944604823
2066594232.4233782,4.997269030053593e-07,2.3386610302910076
2068405088.5055912,4.984913314816927e-07,2.338691966121533
2070215944.5878038,4.972557599580261e-07,2.338722901952058
2072026800.6700168,4.960201884343595e-07,2.3387538377825834
2073837656.7522297,4.947846169106929e-07,2.3387847736131087
2075648512.8344426,4.935490453870262e-07,2.338815709443634
2077459368.9166555,4.923134738633596e-07,2.338846645274159
2079270224.9988682,4.910779023396931e-07,2.3388775811046845
2081081081.0810812,4.898423308160264e-07,2.3389085169352097
2082891937.163294,4.886067592923598e-07,2.338939452765735
2084702793.245507,4.873711877686932e-07,2.3389703885962603
2086513649.3277197,4.861356162450266e-07,2.3390013244267855
2088324505.4099326,4.8490004472136e-07,2.339032260257311
2090135361.4921455,4.836644731976934e-07,2.339063196087836
2091946217.5743585,4.824289016740267e-07,2.3390941319183614
2093757073.6565711,4.811933301503602e-07,2.3391250677488866
2095567929.738784,4.799577586266936e-07,2.339156003579412
2097378785.820997,4.787221871030269e-07,2.339186939409937
2099189641.90321,4.774866155793603e-07,2.3392178752404624
2101000497.9854226,4.7625104405569376e-07,2.3392488110709877
2102811354.0676355,4.750154725320271e-07,2.339279746901513
2104622210.1498485,4.737799010083605e-07,2.3393106827320382
2106433066.2320614,4.7254432948469385e-07,2.3393416185625635
2108243922.314274,4.713087579610273e-07,2.3393725543930888
2110054778.396487,4.700731864373607e-07,2.339403490223614
2111865634.4787,4.6883761491369405e-07,2.3394344260541393
2113676490.5609128,4.676020433900274e-07,2.3394653618846646
2115487346.6431255,4.66366471866361e-07,2.33949629771519
2117298202.7253385,4.6513090034269425e-07,2.339527233545715
2119109058.8075514,4.638953288190276e-07,2.3395581693762404
2120919914.8897643,4.62659757295361e-07,2.3395891052067657
2122730770.971977,4.6142418577169455e-07,2.339620041037291
2124541627.05419,4.601886142480279e-07,2.339650976867816
2126352483.1364028,4.589530427243613e-07,2.3396819126983415
2128163339.2186158,4.5771747120069465e-07,2.3397128485288667
2129974195.3008285,4.56481899677028e-07,2.339743784359392
2131785051.3830414,4.552463281533614e-07,2.3397747201899173
2133595907.4652543,4.5401075662969474e-07,2.3398056560204425
2135406763.5474672,4.527751851060281e-07,2.3398365918509683
2137217619.62968,4.515396135823618e-07,2.339867527681493
2139028475.7118928,4.5030404205869504e-07,2.339898463512019
2140839331.7941058,4.490684705350284e-07,2.339929399342544
2142650187.8763187,4.4783289901136177e-07,2.3399603351730693
2144461043.9585314,4.4659732748769513e-07,2.3399912710035946
2146271900.0407443,4.453617559640285e-07,2.34002220683412
2148082756.122957,4.4412618444036186e-07,2.340053142664645
2149893612.20517,4.4289061291669523e-07,2.3400840784951704
2151704468.287383,4.416550413930286e-07,2.3401150143256957
2153515324.3695955,4.4041946986936227e-07,2.340145950156221
2155326180.451809,4.391838983456952e-07,2.3401768859867462
2157137036.5340214,4.379483268220289e-07,2.3402078218172715
2158947892.6162343,4.3671275529836226e-07,2.3402387576477968
2160758748.698447,4.354771837746956e-07,2.340269693478322
2162569604.78066,4.34241612251029e-07,2.3403006293088473
2164380460.862873,4.3300604072736235e-07,2.3403315651393726
2166191316.945086,4.317704692036957e-07,2.340362500969898
2168002173.027299,4.305348976800291e-07,2.340393436800423
2169813029.1095114,4.2929932615636276e-07,2.3404243726309484
2171623885.191725,4.280637546326957e-07,2.3404553084614736
2173434741.273937,4.268281831090294e-07,2.340486244291999
2175245597.35615,4.2559261158536275e-07,2.340517180122524
2177056453.438363,4.243570400616961e-07,2.3405481159530495
2178867309.520576,4.231214685380295e-07,2.3405790517835747
2180678165.602789,4.2188589701436284e-07,2.3406099876141
2182489021.6850014,4.206503254906965e-07,2.3406409234446253
2184299877.767215,4.1941475396702957e-07,2.3406718592751505
2186110733.849427,4.1817918244336325e-07,2.340702795105676
2187921589.9316406,4.169436109196963e-07,2.340733730936201
2189732446.013853,4.1570803939603e-07,2.3407646667667263
2191543302.096066,4.1447246787236324e-07,2.3407956025972516
2193354158.178279,4.132368963486966e-07,2.340826538427777
2195165014.260492,4.1200132482502996e-07,2.340857474258302
2196975870.342705,4.1076575330136333e-07,2.3408884100888274
2198786726.424917,4.09530181777697e-07,2.3409193459193527
2200597582.5071306,4.0829461025403006e-07,2.340950281749878
2202408438.589343,4.0705903873036374e-07,2.3409812175804032
2204219294.671556,4.058234672066971e-07,2.3410121534109285
2206030150.753769,4.0458789568303047e-07,2.3410430892414538
2207841006.835982,4.033523241593637e-07,2.341074025071979
2209651862.918195,4.021167526356971e-07,2.3411049609025043
2211462719.000407,4.0088118111203077e-07,2.3411358967330296
2213273575.0826206,3.996456095883638e-07,2.341166832563555
2215084431.164833,3.984100380646975e-07,2.34119776839408
2216895287.2470465,3.9717446654103055e-07,2.3412287042246054
2218706143.329259,3.9593889501736423e-07,2.3412596400551307
2220516999.411472,3.947033234936976e-07,2.341290575885656
2222327855.493685,3.9346775197003096e-07,2.341321511716181
2224138711.5758977,3.922321804463643e-07,2.3413524475467065
2225949567.6581106,3.909966089226976e-07,2.3413833833772317
2227760423.740323,3.8976103739903126e-07,2.341414319207757
2229571279.8225365,3.885254658753643e-07,2.3414452550382823
2231382135.904749,3.87289894351698e-07,2.3414761908688075
2233192991.986962,3.8605432282803135e-07,2.341507126699333
2235003848.069175,3.848187513043647e-07,2.341538062529858
2236814704.1513877,3.835831797806981e-07,2.3415689983603833
2238625560.2336006,3.8234760825703144e-07,2.3415999341909086
2240436416.315813,3.811120367333651e-07,2.341630870021434
2242247272.3980265,3.7987646520969807e-07,2.341661805851959
2244058128.480239,3.7864089368603175e-07,2.3416927416824844
2245868984.5624523,3.774053221623648e-07,2.3417236775130097
2247679840.644665,3.761697506386985e-07,2.341754613343535
2249490696.7268777,3.7493417911503184e-07,2.3417855491740602
2251301552.8090906,3.736986075913652e-07,2.3418164850045855
2253112408.8913035,3.7246303606769857e-07,2.341847420835111
2254923264.9735165,3.7122746454403193e-07,2.3418783566656365
2256734121.055729,3.699918930203656e-07,2.3419092924961618
2258544977.1379423,3.6875632149669866e-07,2.341940228326687
2260355833.220155,3.6752074997303224e-07,2.3419711641572123
2262166689.3023677,3.662851784493656e-07,2.3420020999877376
2263977545.3845806,3.6504960692569896e-07,2.342033035818263
2265788401.4667935,3.6381403540203233e-07,2.342063971648788
2267599257.5490065,3.625784638783657e-07,2.3420949074793134
2269410113.631219,3.613428923546994e-07,2.3421258433098386
2271220969.7134323,3.601073208310324e-07,2.342156779140364
2273031825.7956448,3.588717493073661e-07,2.342187714970889
2274842681.877858,3.5763617778369915e-07,2.3422186508014144
2276653537.9600706,3.5640060626003283e-07,2.3422495866319397
2278464394.0422835,3.551650347363661e-07,2.342280522462465
2280275250.1244965,3.5392946321269945e-07,2.3423114582929903
2282086106.2067094,3.526938916890328e-07,2.3423423941235155
2283896962.2889223,3.514583201653662e-07,2.342373329954041
2285707818.3711348,3.5022274864169986e-07,2.342404265784566
2287518674.453348,3.489871771180329e-07,2.3424352016150913
2289329530.5355606,3.477516055943666e-07,2.3424661374456166
2291140386.617774,3.4651603407069964e-07,2.342497073276142
2292951242.6999865,3.452804625470333e-07,2.342528009106667
2294762098.7821994,3.440448910233666e-07,2.3425589449371924
2296572954.8644123,3.4280931949969994e-07,2.3425898807677177
2298383810.946625,3.415737479760333e-07,2.342620816598243
2300194667.028838,3.4033817645236667e-07,2.342651752428768
2302005523.1110506,3.3910260492870035e-07,2.3426826882592935
2303816379.193264,3.378670334050334e-07,2.3427136240898188
2305627235.2754765,3.366314618813671e-07,2.342744559920344
2307438091.3576894,3.3539589035770044e-07,2.3427754957508693
2309248947.4399023,3.341603188340338e-07,2.3428064315813946
2311059803.522115,3.3292474731036717e-07,2.34283736741192
2312870659.604328,3.3168917578670043e-07,2.342868303242445
2314681515.6865406,3.304536042630341e-07,2.3428992390729704
2316492371.768754,3.2921803273936716e-07,2.3429301749034956
2318303227.8509665,3.2798246121570084e-07,2.342961110734021
2320114083.93318,3.267468896920339e-07,2.342992046564546
2321924940.0153923,3.2551131816836757e-07,2.3430229823950715
2323735796.097605,3.2427574664470093e-07,2.3430539182255967
2325546652.179818,3.230401751210343e-07,2.343084854056122
2327357508.262031,3.2180460359736766e-07,2.3431157898866473
2329168364.344244,3.205690320737009e-07,2.3431467257171725
2330979220.4264565,3.193334605500346e-07,2.343177661547698
2332790076.50867,3.1809788902636765e-07,2.343208597378223
2334600932.5908823,3.1686231750270133e-07,2.3432395332087483
2336411788.673095,3.156267459790347e-07,2.3432704690392736
2338222644.755308,3.1439117445536806e-07,2.343301404869799
2340033500.837521,3.131556029317014e-07,2.343332340700324
2341844356.919734,3.119200314080348e-07,2.3433632765308494
2343655213.0019464,3.1068445988436847e-07,2.3433942123613747
2345466069.08416,3.094488883607015e-07,2.3434251481919
2347276925.1663723,3.082133168370351e-07,2.3434560840224252
2349087781.2485857,3.0697774531336814e-07,2.3434870198529505
2350898637.330798,3.057421737897018e-07,2.3435179556834758
2352709493.413011,3.045066022660352e-07,2.343548891514001
2354520349.495224,3.0327103074236855e-07,2.3435798273445263
2356331205.577437,3.020354592187019e-07,2.3436107631750516
2358142061.65965,3.007998876950353e-07,2.343641699005577
2359952917.7418623,2.9956431617136896e-07,2.343672634836102
2361763773.8240757,2.98328744647702e-07,2.3437035706666274
2363574629.906288,2.970931731240357e-07,2.3437345064971526
2365385485.988501,2.9585760160036894e-07,2.343765442327678
2367196342.070714,2.946220300767023e-07,2.343796378158203
2369007198.152927,2.9338645855303567e-07,2.3438273139887285
2370818054.23514,2.9215088702936903e-07,2.343858249819254
2372628910.3173523,2.909153155057027e-07,2.3438891856497794
2374439766.3995657,2.8967974398203576e-07,2.3439201214803047
2376250622.481778,2.8844417245836944e-07,2.34395105731083
2378061478.5639915,2.872086009347025e-07,2.3439819931413552
2379872334.646204,2.8597302941103617e-07,2.3440129289718805
2381683190.728417,2.8473745788736943e-07,2.344043864802406
2383494046.81063,2.835018863637028e-07,2.344074800632931
2385304902.892843,2.8226631484003616e-07,2.3441057364634563
2387115758.9750557,2.810307433163695e-07,2.3441366722939816
2388926615.057268,2.797951717927032e-07,2.344167608124507
2390737471.1394815,2.7855960026903625e-07,2.344198543955032
2392548327.221694,2.7732402874536993e-07,2.3442294797855574
2394359183.3039074,2.76088457221703e-07,2.3442604156160827
2396170039.38612,2.7485288569803666e-07,2.344291351446608
2397980895.468333,2.7361731417437e-07,2.344322287277133
2399791751.5505457,2.723817426507033e-07,2.3443532231076585
2401602607.6327586,2.7114617112703665e-07,2.3443841589381837
2403413463.7149715,2.6991059960337e-07,2.344415094768709
2405224319.797184,2.686750280797037e-07,2.3444460305992343
2407035175.8793974,2.6743945655603674e-07,2.3444769664297596
2408846031.96161,2.662038850323704e-07,2.344507902260285
2410656888.043823,2.649683135087038e-07,2.34453883809081
2412467744.1260357,2.6373274198503715e-07,2.3445697739213354
2414278600.2082486,2.624971704613705e-07,2.3446007097518606
2416089456.2904615,2.6126159893770377e-07,2.344631645582386
2417900312.372674,2.6002602741403745e-07,2.344662581412911
2419711168.4548874,2.587904558903705e-07,2.3446935172434364
2421522024.5371,2.575548843667042e-07,2.3447244530739617
2423332880.6193132,2.5631931284303723e-07,2.344755388904487
2425143736.7015257,2.550837413193709e-07,2.3447863247350123
2426954592.7837386,2.538481697957043e-07,2.3448172605655375
2428765448.8659515,2.5261259827203764e-07,2.344848196396063
2430576304.9481645,2.51377026748371e-07,2.344879132226588
2432387161.0303774,2.5014145522470437e-07,2.3449100680571133
2434198017.11259,2.4890588370103794e-07,2.3449410038876386
2436008873.194803,2.47670312177371e-07,2.344971939718164
2437819729.2770157,2.4643474065370467e-07,2.345002875548689
2439630585.3592286,2.4519916913003804e-07,2.3450338113792144
2441441441.4414415,2.439635976063714e-07,2.3450647472097397
2443252297.5236545,2.4272802608270476e-07,2.345095683040265
2445063153.6058674,2.4149245455903813e-07,2.34512661887079
2446874009.68808,2.402568830353718e-07,2.3451575547013155
2448684865.770293,2.3902131151170475e-07,2.3451884905318408
2450495721.8525057,2.3778573998803843e-07,2.345219426362366
2452306577.934719,2.3655016846437148e-07,2.3452503621928913
2454117434.0169315,2.3531459694070516e-07,2.3452812980234166
2455928290.0991445,2.3407902541703863e-07,2.345312233853942
2457739146.1813574,2.328434538933719e-07,2.345343169684467
2459550002.2635703,2.3160788236970515e-07,2.3453741055149924
2461360858.345783,2.3037231084603862e-07,2.3454050413455176
2463171714.4279957,2.291367393223723e-07,2.345435977176043
2464982570.510209,2.2790116779870534e-07,2.345466913006568
2466793426.5924215,2.2666559627503903e-07,2.3454978488370934
2468604282.6746345,2.2543002475137228e-07,2.3455287846676187
2470415138.7568474,2.2419445322770575e-07,2.345559720498144
2472225994.8390603,2.22958881704039e-07,2.3455906563286693
2474036850.921273,2.2172331018037248e-07,2.3456215921591945
2475847707.0034857,2.2048773865670616e-07,2.34565252798972
2477658563.085699,2.19252167133039e-07,2.345683463820245
2479469419.1679115,2.1801659560937268e-07,2.3457143996507703
2481280275.250125,2.1678102408570573e-07,2.3457453354812956
2483091131.3323374,2.155454525620394e-07,2.345776271311821
2484901987.4145503,2.1430988103837288e-07,2.345807207142346
2486712843.496763,2.1307430951470614e-07,2.3458381429728714
2488523699.578976,2.118387379910396e-07,2.345869078803397
2490334555.661189,2.1060316646737287e-07,2.3459000146339224
2492145411.7434015,2.0936759494370655e-07,2.3459309504644477
2493956267.825615,2.081320234200396e-07,2.345961886294973
2495767123.9078274,2.0689645189637327e-07,2.345992822125498
2497577979.9900403,2.0566088037270653e-07,2.3460237579560235
2499388836.072253,2.0442530884904e-07,2.3460546937865487
2501199692.154466,2.0318973732537326e-07,2.346085629617074
2503010548.236679,2.0195416580170673e-07,2.3461165654475993
2504821404.3188915,2.007185942780404e-07,2.3461475012781245
2506632260.401105,1.9948302275437346e-07,2.34617843710865
2508443116.4833174,1.9824745123070714e-07,2.346209372939175
2510253972.565531,1.970118797070402e-07,2.3462403087697004
2512064828.647743,1.9577630818337366e-07,2.3462712446002256
2513875684.729956,1.9454073665970713e-07,2.346302180430751
2515686540.812169,1.9330516513604039e-07,2.346333116261276
2517497396.894382,1.9206959361237386e-07,2.3463640520918014
2519308252.976595,1.9083402208870711e-07,2.3463949879223267
2521119109.0588074,1.895984505650408e-07,2.346425923752852
2522929965.141021,1.8836287904137384e-07,2.3464568595833772
2524740821.223233,1.8712730751770752e-07,2.3464877954139025
2526551677.3054466,1.8589173599404057e-07,2.346518731244428
2528362533.387659,1.8465616447037425e-07,2.346549667074953
2530173389.469872,1.834205929467075e-07,2.3465806029054783
2531984245.552085,1.8218502142304098e-07,2.3466115387360036
2533795101.634298,1.8094944989937424e-07,2.346642474566529
2535605957.716511,1.797138783757077e-07,2.346673410397054
2537416813.798723,1.784783068520414e-07,2.3467043462275794
2539227669.8809366,1.7724273532837444e-07,2.3467352820581047
2541038525.963149,1.7600716380470812e-07,2.34676621788863
2542849382.045362,1.7477159228104138e-07,2.346797153719155
2544660238.127575,1.7353602075737485e-07,2.3468280895496805
2546471094.209788,1.723004492337081e-07,2.3468590253802057
2548281950.292001,1.7106487771004136e-07,2.346889961210731
2550092806.374213,1.6982930618637504e-07,2.3469208970412563
2551903662.4564266,1.685937346627081e-07,2.3469518328717816
2553714518.538639,1.6735816313904177e-07,2.346982768702307
2555525374.6208525,1.6612259161537482e-07,2.347013704532832
2557336230.703065,1.648870200917085e-07,2.3470446403633574
2559147086.785278,1.6365144856804197e-07,2.3470755761938826
2560957942.867491,1.6241587704437523e-07,2.347106512024408
2562768798.9497037,1.611803055207087e-07,2.347137447854933
2564579655.0319166,1.5994473399704196e-07,2.3471683836854584
2566390511.114129,1.5870916247337564e-07,2.3471993195159837
2568201367.1963425,1.5747359094970869e-07,2.347230255346509
2570012223.278555,1.5623801942604237e-07,2.3472611911770342
2571823079.360768,1.5500244790237563e-07,2.3472921270075595
2573633935.442981,1.537668763787091e-07,2.347323062838085
2575444791.5251937,1.5253130485504235e-07,2.34735399866861
2577255647.6074066,1.5129573333137582e-07,2.3473849344991353
2579066503.689619,1.500601618077095e-07,2.3474158703296606
2580877359.7718325,1.4882459028404234e-07,2.347446806160186
2582688215.854045,1.4758901876037602e-07,2.347477741990711
2584499071.9362583,1.4635344723670907e-07,2.3475086778212364
2586309928.018471,1.4511787571304275e-07,2.3475396136517617
2588120784.1006837,1.4388230418937622e-07,2.347570549482287
2589931640.1828966,1.4264673266570948e-07,2.347601485312812
2591742496.2651095,1.4141116114204295e-07,2.3476324211433375
2593553352.3473225,1.401755896183762e-07,2.3476633569738627
2595364208.429535,1.389400180947099e-07,2.347694292804388
2597175064.5117483,1.3770444657104293e-07,2.3477252286349133
2598985920.593961,1.3646887504737662e-07,2.3477561644654386
2600796776.6761737,1.3523330352370987e-07,2.347787100295964
2602607632.7583866,1.3399773200004334e-07,2.347818036126489
2604418488.8405995,1.327621604763766e-07,2.3478489719570144
2606229344.9228125,1.3152658895271007e-07,2.34787990778754
2608040201.005025,1.3029101742904375e-07,2.3479108436180653
2609851057.0872383,1.290554459053768e-07,2.3479417794485906
2611661913.1694508,1.2781987438171048e-07,2.347972715279116
2613472769.251664,1.2658430285804353e-07,2.348003651109641
2615283625.3338766,1.253487313343772e-07,2.3480345869401664
2617094481.4160895,1.2411315981071047e-07,2.3480655227706917
2618905337.4983025,1.2287758828704373e-07,2.348096458601217
2620716193.5805154,1.216420167633772e-07,2.3481273944317422
2622527049.6627283,1.2040644523971046e-07,2.3481583302622675
2624337905.7449408,1.1917087371604414e-07,2.3481892660927928
2626148761.827154,1.1793530219237718e-07,2.348220201923318
2627959617.9093666,1.1669973066871087e-07,2.3482511377538433
2629770473.99158,1.1546415914504391e-07,2.3482820735843686
2631581330.0737925,1.142285876213776e-07,2.348313009414894
2633392186.1560054,1.1299301609771085e-07,2.348343945245419
2635203042.2382183,1.1175744457404432e-07,2.3483748810759444
2637013898.320431,1.1052187305037758e-07,2.3484058169064697
2638824754.402644,1.0928630152671105e-07,2.348436752736995
2640635610.4848566,1.0805073000304473e-07,2.34846768856752
2642446466.56707,1.0681515847937778e-07,2.3484986243980455
2644257322.6492825,1.0557958695571146e-07,2.3485295602285707
2646068178.7314954,1.0434401543204472e-07,2.348560496059096
2647879034.8137083,1.0310844390837819e-07,2.3485914318896213
2649689890.895921,1.0187287238471145e-07,2.3486223677201465
2651500746.978134,1.006373008610447e-07,2.348653303550672
2653311603.0603466,9.940172933737839e-08,2.348684239381197
2655122459.14256,9.816615781371143e-08,2.3487151752117224
2656933315.2247725,9.693058629004511e-08,2.3487461110422476
2658744171.306986,9.569501476637816e-08,2.348777046872773
2660555027.3891983,9.445944324271184e-08,2.348807982703298
2662365883.471411,9.322387171904531e-08,2.3488389185338234
2664176739.553624,9.198830019537857e-08,2.3488698543643487
2665987595.635837,9.075272867171204e-08,2.348900790194874
2667798451.71805,8.95171571480453e-08,2.3489317260253992
2669609307.8002625,8.828158562437898e-08,2.3489626618559245
2671420163.882476,8.704601410071203e-08,2.3489935976864498
2673231019.9646883,8.581044257704571e-08,2.349024533516975
2675041876.046901,8.457487105337897e-08,2.3490554693475003
2676852732.129114,8.333929952971244e-08,2.3490864051780256
2678663588.211327,8.21037280060457e-08,2.349117341008551
2680474444.29354,8.086815648237917e-08,2.349148276839076
2682285300.3757524,7.963258495871285e-08,2.3491792126696014
2684096156.457966,7.83970134350459e-08,2.3492101485001267
2685907012.5401783,7.716144191137958e-08,2.349241084330652
2687717868.6223917,7.592587038771241e-08,2.349272020161177
2689528724.704604,7.469029886404609e-08,2.3493029559917025
2691339580.786817,7.345472734037956e-08,2.3493338918222277
2693150436.86903,7.221915581671282e-08,2.349364827652753
2694961292.951243,7.098358429304629e-08,2.3493957634832783
2696772149.033456,6.974801276937955e-08,2.3494266993138035
2698583005.1156683,6.851244124571323e-08,2.349457635144329
2700393861.1978817,6.727686972204628e-08,2.349488570974854
2702204717.280094,6.604129819837996e-08,2.3495195068053794
2704015573.362307,6.480572667471322e-08,2.3495504426359046
2705826429.44452,6.357015515104669e-08,2.34958137846643
2707637285.526733,6.233458362737994e-08,2.349612314296955
2709448141.608946,6.109901210371341e-08,2.3496432501274804
2711258997.6911583,5.98634405800471e-08,2.3496741859580057
2713069853.7733717,5.862786905638014e-08,2.349705121788531
2714880709.855584,5.7392297532713824e-08,2.3497360576190562
2716691565.9377975,5.615672600904687e-08,2.3497669934495815
2718502422.02001,5.492115448538055e-08,2.349797929280107
2720313278.102223,5.368558296171381e-08,2.349828865110632
2722124134.184436,5.245001143804707e-08,2.3498598009411573
2723934990.266649,5.121443991438054e-08,2.349890736771683
2725745846.3488617,4.99788683907138e-08,2.3499216726022083
2727556702.431074,4.874329686704748e-08,2.3499526084327336
2729367558.5132875,4.7507725343380525e-08,2.349983544263259
2731178414.5955,4.627215381971421e-08,2.350014480093784
2732989270.677713,4.503658229604768e-08,2.3500454159243094
2734800126.759926,4.3801010772380935e-08,2.3500763517548346
2736610982.842139,4.2565439248714405e-08,2.35010728758536
2738421838.9243517,4.1329867725047664e-08,2.350138223415885
2740232695.0065646,4.009429620138092e-08,2.3501691592464105
2742043551.0887775,3.885872467771439e-08,2.3502000950769357
2743854407.17099,3.7623153154048074e-08,2.350231030907461
2745665263.2532034,3.638758163038112e-08,2.3502619667379863
2747476119.335416,3.51520101067148e-08,2.3502929025685115
2749286975.417629,3.391643858304806e-08,2.350323838399037
2751097831.4998417,3.268086705938153e-08,2.350354774229562
2752908687.5820546,3.144529553571479e-08,2.3503857100600873
2754719543.6642675,3.020972401204826e-08,2.3504166458906126
2756530399.74648,2.8974152488381728e-08,2.350447581721138
2758341255.8286934,2.7738580964714775e-08,2.350478517551663
2760152111.910906,2.6503009441048456e-08,2.3505094533821884
2761962967.9931192,2.5267437917381503e-08,2.3505403892127137
2763773824.0753317,2.4031866393715184e-08,2.350571325043239
2765584680.1575446,2.2796294870048654e-08,2.3506022608737642
2767395536.2397575,2.1560723346381913e-08,2.3506331967042895
2769206392.3219705,2.0325151822715383e-08,2.3506641325348148
2771017248.4041834,1.908958029904864e-08,2.35069506836534
2772828104.486396,1.7854008775382323e-08,2.3507260041958653
2774638960.568609,1.661843725171537e-08,2.3507569400263906
2776449816.6508217,1.538286572804905e-08,2.350787875856916
2778260672.7330346,1.4147294204382309e-08,2.350818811687441
2780071528.8152475,1.2911722680715779e-08,2.3508497475179664
2781882384.8974605,1.1676151157049037e-08,2.3508806833484917
2783693240.9796734,1.0440579633382507e-08,2.350911619179017
2785504097.061886,9.205008109716189e-09,2.350942555009542
2787314953.144099,7.969436586049235e-09,2.3509734908400675
2789125809.2263117,6.733865062382917e-09,2.3510044266705927
2790936665.308525,5.498293538715752e-09,2.351035362501118
2792747521.3907375,4.2627220150494335e-09,2.3510662983316433
2794558377.4729505,3.0271504913829034e-09,2.3510972341621685
2796369233.5551634,1.7915789677161617e-09,2.351128169992694
2798180089.6373763,5.560074440496316e-10,2.351159105823219
2799990945.719589,2.553157226381533e-16,2.3511766523552096
2801801801.8018017,2.497086734737437e-16,2.35118324400658
2803612657.884015,2.441016243093311e-16,2.351189835657951
2805423513.9662275,2.3849457514492146e-16,2.351196427309322
2807234370.0484405,2.3288752598051035e-16,2.3512030189606925
2809045226.1306534,2.2728047681609924e-16,2.3512096106120635
